,收盘价,开盘价,最高价,最低价,持仓量,持仓量变动,成交量,家人多头席位数,家人空头席位数,家人多头持仓量,家人空头持仓量,机构多头席位数,机构空头席位数,机构多头持仓量,机构空头持仓量,ma5,ma10,ma20,diff5_10,diff5_20,家人净多头席位,家人净多头持仓量,机构净多头席位,机构净多头持仓量,持仓量变幅,CB_index,IV,IV_pct
20250305,6360.0847,6329.9796,6372.8214,6274.7085,625494.0,8833.0,412784.0,2.0,0.0,14737.0,0.0,1.0,-2.0,4253.0,-57433.0,6349.56782,6399.85846,6544.73223,-50.29064000000017,-195.1644099999994,2.0,14737.0,-1.0,-53180.0,0.014121638257121571,-0.19577176920713,0.1852,0.3958333333333333
20250306,6389.2569,6350.5365,6482.38,6339.6295,632203.0,6709.0,651083.0,1.0,0.0,8317.0,0.0,1.0,-2.0,2914.0,-61839.0,6357.19984,6386.11319,6501.146965,-28.91334999999981,-143.9471249999997,1.0,8317.0,-1.0,-58925.0,0.010612097696467749,-0.1824167470566488,0.1953,0.4577205882352941
20250307,6414.1125,6498.8702,6507.8599,6408.8916,637257.0,5054.0,481508.0,2.0,0.0,9135.0,0.0,1.0,-2.0,4311.0,-67283.0,6372.35428,6380.14999,6458.118795,-7.795709999999417,-85.76451499999985,2.0,9135.0,-1.0,-62972.0,0.007930866196840521,-0.1732839746841694,0.1971,0.46874999999999994
20250310,6350.7328,6416.3589,6462.5525,6332.3925,637229.0,-28.0,338542.0,1.0,0.0,8418.0,0.0,1.0,-2.0,4981.0,-64322.0,6373.38144,6366.31518,6418.72098,7.066260000000511,-45.33953999999994,1.0,8418.0,-1.0,-59341.0,-4.394024754052311e-05,-0.2158074149534145,0.1855,0.39767156862745096
20250311,6363.7954,6339.4767,6368.8533,6315.9003,632645.0,-4584.0,288023.0,1.0,0.0,8197.0,0.0,1.0,-2.0,4375.0,-63185.0,6375.59646,6365.80042,6404.694255,9.796040000000175,-29.09779500000059,1.0,8197.0,-1.0,-58810.0,-0.007245769744485454,-0.2149691450586555,0.1809,0.3694852941176471
20250312,6329.0798,6369.6891,6369.6891,6317.8246,641457.0,8812.0,273109.0,1.0,0.0,8309.0,0.0,1.0,-2.0,2449.0,-63882.0,6369.39548,6359.48165,6399.01477,9.913830000000416,-29.61928999999964,1.0,8309.0,-1.0,-61433.0,0.013737475777799603,-0.2071041352120892,0.1772,0.346813725490196
20250313,6311.9197,6348.9735,6348.9735,6296.6311,643302.0,1845.0,282351.0,1.0,0.0,8086.0,0.0,1.0,-2.0,1298.0,-62745.0,6353.928040000001,6355.56394,6392.89613,-1.63589999999931,-38.96808999999939,1.0,8086.0,-1.0,-61447.0,0.0028680153333892947,-0.2221400693465195,0.1673,0.28615196078431376
20250314,6322.9789,6313.9755,6389.892,6292.0255,638142.0,-5160.0,391298.0,1.0,0.0,8691.0,0.0,1.0,-2.0,3086.0,-61945.0,6335.70132,6354.027800000001,6391.59503,-18.32648000000063,-55.89371000000028,1.0,8691.0,-1.0,-58859.0,-0.008085974594996099,-0.1899504134764434,0.1742,0.32843137254901955
20250317,6203.197,6328.4805,6330.4683,6175.1293,661057.0,22915.0,493139.0,1.0,0.0,7782.0,0.0,1.0,-2.0,3542.0,-62363.0,6306.194160000001,6339.7878,6382.18645,-33.59363999999914,-75.99228999999923,1.0,7782.0,-1.0,-58821.0,0.03466418175739762,-0.222443173733276,0.1798,0.3627450980392156
20250318,6191.2664,6194.5133,6253.5773,6185.6734,654821.0,-6236.0,293464.0,1.0,0.0,7783.0,0.0,1.0,-3.0,911.0,-55926.0,6271.68836,6323.64241,6368.229295,-51.95405000000028,-96.54093499999999,1.0,7783.0,-2.0,-55015.0,-0.009523213213992831,-0.242933024168282,0.1749,0.3327205882352941
20250319,6125.8332,6175.2007,6177.6359,6122.2213,668572.0,13751.0,266144.0,1.0,0.0,9923.0,0.0,1.0,-3.0,1798.0,-60470.0,6231.039040000001,6300.217259999999,6350.03786,-69.17821999999887,-118.9988199999998,1.0,9923.0,-2.0,-58672.0,0.020567717463489347,-0.2667749530404081,0.1662,0.27941176470588225
20250320,6122.6335,6116.976,6136.979,6080.9291,675415.0,6843.0,255291.0,1.0,0.0,11921.0,0.0,1.0,-3.0,0.0,-61692.0,6193.1818,6273.55492,6329.834055,-80.3731200000002,-136.652255,1.0,11921.0,-2.0,-61692.0,0.010131548751508332,-0.2716426696852848,0.1577,0.22732843137254904
20250321,6089.2142,6133.8041,6133.8045,6068.3441,679019.0,3604.0,244079.0,1.0,0.0,11638.0,0.0,1.0,-2.0,1063.0,-63676.0,6146.42886,6241.065090000001,6310.60754,-94.63623000000098,-164.17868,1.0,11638.0,-1.0,-62613.0,0.0053076570758697475,-0.2415971661416265,0.154,0.204656862745098
20250324,6137.8656,6108.4509,6170.7071,6108.4509,661729.0,-17290.0,259985.0,1.0,0.0,9158.0,0.0,0.0,-3.0,0.0,-63890.0,6133.36258,6219.77837,6293.046775,-86.41579000000002,-159.6841949999998,1.0,9158.0,-3.0,-63890.0,-0.026128520889971574,-0.2454548105248272,0.1434,0.13970588235294118
20250325,6125.3942,6140.0421,6176.4507,6122.3339,656497.0,-5232.0,253678.0,1.0,0.0,9127.0,0.0,1.0,-3.0,161.0,-62854.0,6120.18814,6195.938250000001,6280.869335,-75.75011000000086,-160.6811950000001,1.0,9127.0,-2.0,-62693.0,-0.007969571833534654,-0.2489638628156616,0.1506,0.18382352941176477
20250326,6160.8274,6138.9776,6191.7938,6134.0935,635867.0,-20630.0,290750.0,1.0,0.0,8377.0,0.0,1.0,-3.0,0.0,-62415.0,6127.18698,6179.113009999999,6269.297329999999,-51.92602999999872,-142.110349999999,1.0,8377.0,-2.0,-62415.0,-0.03244389156851983,-0.2064214267389773,0.1553,0.2126225490196078
20250327,6146.1319,6166.4504,6183.6814,6139.183,633669.0,-2198.0,189920.0,1.0,0.0,9228.0,0.0,1.0,-3.0,0.0,-58945.0,6131.88666,6162.534229999999,6259.049085000001,-30.64756999999918,-127.1624250000004,1.0,9228.0,-2.0,-58945.0,-0.0034686879111965395,-0.2157189135600596,0.1504,0.1825980392156863
20250328,6092.6449,6144.7583,6152.3388,6071.8403,648379.0,14710.0,294640.0,1.0,0.0,9346.0,0.0,1.0,-2.0,69.0,-57746.0,6132.5728,6139.50083,6246.764315,-6.928030000000035,-114.1915150000004,1.0,9346.0,-1.0,-57677.0,0.0226873479862858,-0.2709896209304698,0.1715,0.31188725490196084
20250331,6089.6162,6079.035,6164.2116,6054.0138,653055.0,4676.0,392308.0,1.0,0.0,11111.0,0.0,1.0,-3.0,0.0,-55071.0,6122.92292,6128.142750000001,6233.965275,-5.219830000000911,-111.0423550000005,1.0,11111.0,-2.0,-55071.0,0.007160193245591872,-0.3033176714283849,0.1656,0.275735294117647
20250401,6165.4645,6081.5938,6177.628,6057.351,654286.0,1231.0,380787.0,1.0,0.0,9841.0,0.0,0.0,-3.0,0.0,-49864.0,6130.93698,6125.56256,6224.602485,5.3744200000001,-93.66550499999994,1.0,9841.0,-3.0,-49864.0,0.001881440226445316,-0.2129739556963275,0.1663,0.2800245098039216
20250402,6168.6421,6160.1913,6228.3278,6159.4129,634150.0,-20136.0,409742.0,2.0,0.0,18546.0,0.0,1.0,-3.0,0.0,-48092.0,6132.49992,6129.84345,6215.030355000001,2.656469999999899,-82.53043500000058,2.0,18546.0,-2.0,-48092.0,-0.03175273988803911,-0.2926845921112356,0.1748,0.33210784313725494
20250403,6173.4913,6153.6742,6178.9648,6093.9802,639399.0,5249.0,316664.0,2.0,0.0,18629.0,0.0,1.0,-3.0,389.0,-51858.0,6137.9718,6134.92923,6204.242075,3.042570000000524,-66.27027499999986,2.0,18629.0,-2.0,-51469.0,0.008209271519035844,-0.2120373184747216,0.1797,0.36213235294117646
20250407,6049.6842,6021.3054,6094.5916,5948.5133,625547.0,-13852.0,528373.0,2.0,0.0,12340.0,0.0,1.0,-2.0,2116.0,-37613.0,6129.379660000001,6130.976229999999,6186.02066,-1.596569999998792,-56.64099999999962,2.0,12340.0,-1.0,-35497.0,-0.022143819728973203,-0.3170082100374622,0.1978,0.46617008069522037
20250408,5994.0859,6068.4833,6077.7702,5968.3328,651469.0,25922.0,360887.0,1.0,0.0,10040.0,0.0,1.0,-2.0,4396.0,-43599.0,6110.2736,6116.598260000001,6168.188315,-6.324660000001131,-57.9147150000008,1.0,10040.0,-1.0,-39203.0,0.039790074431784166,-0.3329214542463891,0.1953,0.43630573248407645
20250409,5945.4143,5950.8228,5971.817,5847.0308,666063.0,14594.0,470786.0,1.0,0.0,9722.0,0.0,1.0,-2.0,5866.0,-43523.0,6066.26356,6098.60027,6147.26926,-32.33670999999958,-81.0056999999997,1.0,9722.0,-1.0,-37657.0,0.021910840265860737,-0.2986339141631754,0.2501,0.7849393746011486
20250410,6002.4966,6003.2277,6032.5058,5967.1022,658856.0,-7207.0,366514.0,1.0,0.0,9214.0,0.0,1.0,-2.0,5940.0,-33818.0,6033.034460000001,6082.76719,6130.9401,-49.73272999999972,-97.90563999999904,1.0,9214.0,-1.0,-27878.0,-0.010938657309032627,-0.2747679697726626,0.2012,0.4694926140012845
20250411,5993.8607,5993.6531,6009.1934,5961.744,657790.0,-1066.0,226376.0,1.0,0.0,2357.0,0.0,2.0,-1.0,10730.0,-28523.0,5997.108340000001,6067.540070000001,6115.03715,-70.43173000000024,-117.9288099999994,1.0,2357.0,1.0,-17793.0,-0.001620577996016966,-0.3326282982111089,0.1551,0.17341040462427743
20250414,5988.2832,5994.3443,6019.2097,5985.358,645859.0,-11931.0,232569.0,0.0,0.0,0.0,0.0,2.0,-1.0,15796.0,-28535.0,5984.82814,6057.1039,6098.302365,-72.27576000000045,-113.4742250000008,0.0,0.0,1.0,-12739.0,-0.018473072295965526,-0.3269967155198222,0.1508,0.05270655270655263
20250415,5913.8702,5987.4188,6000.2913,5913.8702,647883.0,2024.0,274782.0,0.0,0.0,0.0,0.0,2.0,-1.0,14283.0,-29554.0,5968.785000000001,6039.5293,6083.836025,-70.74429999999938,-115.0510249999988,0.0,0.0,1.0,-15271.0,0.003124020849443495,-0.3361276972217057,0.156,0.08974358974358974
20250416,5856.9467,5909.7552,5917.3305,5830.6468,656467.0,8584.0,422917.0,0.0,0.0,0.0,0.0,2.0,-1.0,12755.0,-30674.0,5951.091480000001,6008.677519999999,6067.12004,-57.58603999999832,-116.0285599999988,0.0,0.0,1.0,-17919.0,0.013076057136154597,-0.3578211278651991,0.1584,0.10683760683760693
20250417,5868.597,5861.6019,5911.5229,5842.4311,634174.0,-22293.0,376808.0,0.0,0.0,0.0,0.0,2.0,-1.0,11483.0,-27049.0,5924.31156,5978.67301,6054.25823,-54.36145000000033,-129.9466700000003,0.0,0.0,1.0,-15566.0,-0.03515281295038901,-0.3817579795109076,0.1562,0.09116809116809121
20250418,5869.9926,5862.7099,5898.9108,5842.0721,628056.0,-6118.0,253772.0,0.0,0.0,0.0,0.0,2.0,-1.0,6885.0,-25276.0,5899.53794,5948.32314,6041.626185,-48.78519999999935,-142.0882449999999,0.0,0.0,1.0,-18391.0,-0.009741169577235151,-0.3327070979406006,0.1567,0.09472934472934477
20250421,5893.1844,5882.9802,5915.2619,5869.5294,611688.0,-16368.0,245482.0,0.0,0.0,0.0,0.0,2.0,-1.0,10706.0,-23110.0,5880.51818,5932.67316,6031.824695,-52.15498000000025,-151.3065150000002,0.0,0.0,1.0,-12404.0,-0.026758739749676307,-0.3592844290400542,0.1513,0.0562678062678062
20250422,5787.3387,5882.6471,5894.4484,5780.6774,640916.0,29228.0,364184.0,0.0,0.0,0.0,0.0,2.0,-1.0,8086.0,-24300.0,5855.21188,5911.99844,6014.29835,-56.78656000000046,-159.0864700000002,0.0,0.0,1.0,-16214.0,0.045603480019222487,-0.3629424116529156,0.1531,0.0690883190883192
20250423,5870.4609,5808.5024,5893.3335,5805.1394,606286.0,-34630.0,349220.0,0.0,0.0,0.0,0.0,2.0,-1.0,13763.0,-22158.0,5857.91472,5904.5031,6001.551685,-46.58838000000014,-143.6369650000006,0.0,0.0,1.0,-8395.0,-0.05711825771995395,-0.2969628334907573,0.154,0.07549857549857548
20250424,5802.4129,5852.3452,5871.182,5769.3649,628292.0,22006.0,352266.0,0.0,-1.0,0.0,-4977.0,2.0,-1.0,7795.0,-27228.0,5844.677900000001,5884.49473,5983.63096,-39.81682999999975,-138.9530599999998,-1.0,-4977.0,1.0,-19433.0,0.0350251157105295,-0.3188306951437925,0.1623,0.1346153846153846
20250425,5779.159,5810.6389,5861.3775,5779.1586,620158.0,-8134.0,350070.0,0.0,-1.0,0.0,-5271.0,2.0,-1.0,9081.0,-26002.0,5826.51118,5863.02456,5965.282314999999,-36.51338000000032,-138.771135,-1.0,-5271.0,1.0,-16921.0,-0.013116012371040929,-0.3819819998458359,0.1652,0.15527065527065537
20250428,5787.0138,5790.1865,5800.7095,5762.4719,616978.0,-3180.0,276331.0,0.0,-1.0,0.0,-6392.0,1.0,-2.0,3559.0,-23652.0,5805.27706,5842.89762,5950.00076,-37.62055999999939,-144.7236999999996,-1.0,-6392.0,-1.0,-20093.0,-0.005154154605188516,-0.3321961473667091,0.1821,0.2756410256410257
20250429,5744.4281,5807.4907,5821.3046,5738.4505,613302.0,-3676.0,315961.0,1.0,-1.0,5259.0,-6545.0,1.0,-2.0,4048.0,-26527.0,5796.694939999999,5825.95341,5932.741355,-29.25847000000067,-136.0464150000007,0.0,-1286.0,-1.0,-22479.0,-0.005993784465075933,-0.4242520713304257,0.1736,0.21509971509971515
20250430,5738.6592,5728.4598,5742.7974,5677.8086,612974.0,-328.0,340979.0,1.0,-1.0,5681.0,-5433.0,1.0,-2.0,3757.0,-31887.0,5770.3346,5814.124659999999,5911.40109,-43.79005999999936,-141.0664900000002,0.0,248.0,-1.0,-28130.0,-0.0005350961052181659,-0.3070654598436783,0.1833,0.2841880341880341
20250506,5547.8034,5693.6224,5720.9792,5532.2125,654722.0,41748.0,374371.0,1.0,-1.0,6236.0,-5483.0,1.0,-2.0,3311.0,-27687.0,5719.4127,5782.0453,5880.359155,-62.63259999999991,-160.9464550000002,0.0,753.0,-1.0,-24376.0,0.06376446797266626,-0.3564256426133707,0.1914,0.3418803418803418
20250507,5582.0172,5584.0542,5647.4544,5554.1207,660341.0,5619.0,309453.0,0.0,-2.0,607.0,-5944.0,1.0,-2.0,2839.0,-25709.0,5679.98434,5753.24776,5850.78545,-73.26342000000022,-170.8011100000003,-2.0,-5337.0,-1.0,-22870.0,0.008509239923009476,-0.2963926538911138,0.1835,0.2856125356125356
20250508,5742.2109,5546.5981,5763.0443,5537.0088,642640.0,-17701.0,486661.0,0.0,-1.0,0.0,-5783.0,2.0,-1.0,6128.0,-9813.0,5671.02376,5738.15041,5835.411784999999,-67.12665000000015,-164.3880249999993,-1.0,-5783.0,1.0,-3685.0,-0.027544192705091498,-0.2468281956250592,0.1856,0.3005698005698005
20250509,5741.184,5743.2288,5776.1677,5721.1238,635324.0,-7316.0,327841.0,0.0,-1.0,0.0,-5769.0,2.0,-2.0,8275.0,-12885.0,5670.37494,5733.53494,5822.76669,-63.15999999999985,-152.3917500000007,-1.0,-5769.0,0.0,-4610.0,-0.011515384276369223,-0.2466858797609823,0.1742,0.2802547770700636
20250512,5847.1098,5810.5588,5896.4087,5748.5649,621717.0,-13607.0,454821.0,0.0,-1.0,0.0,-6133.0,2.0,-2.0,2907.0,-11168.0,5692.06506,5731.19983,5817.851465,-39.13476999999966,-125.7864049999998,-1.0,-6133.0,0.0,-8261.0,-0.021886163640370136,-0.2350638492300701,0.1706,0.25492033739456427
20250513,5793.5502,5829.3098,5868.9236,5756.1088,633897.0,12180.0,335505.0,0.0,-1.0,0.0,-8116.0,2.0,-2.0,9779.0,-10495.0,5741.214419999999,5730.31356,5807.404145,10.90085999999974,-66.18972500000109,-1.0,-8116.0,0.0,-716.0,0.019214478061893334,-0.1764574083657036,0.171,0.25866916588566086
20250514,5847.4121,5827.6415,5890.6076,5817.2111,626771.0,-7126.0,335463.0,0.0,-1.0,0.0,-7133.0,2.0,-1.0,4663.0,-12274.0,5794.2934,5737.13887,5800.081715,57.1545300000007,-5.788314999999784,-1.0,-7133.0,1.0,-7611.0,-0.01136938371430714,-0.2670789535414262,0.1721,0.26897844423617623
20250515,5859.5959,5843.0043,5880.4938,5815.9511,622431.0,-4340.0,259114.0,0.0,-1.0,0.0,-7141.0,2.0,-1.0,5536.0,-9604.0,5817.770399999999,5744.397080000001,5793.647349999999,73.37331999999878,24.12305000000015,-1.0,-7141.0,1.0,-4068.0,-0.006972660423404361,-0.2207606696896697,0.1783,0.32708528584817237
20250516,5840.1273,5846.1172,5869.0351,5808.3682,622201.0,-230.0,278255.0,0.0,-1.0,0.0,-6844.0,2.0,-1.0,8131.0,-11190.0,5837.55906,5753.967,5789.960205,83.59205999999995,47.59885499999928,-1.0,-6844.0,1.0,-3059.0,-0.000369655465034611,-0.2407537159090007,0.1697,0.24648547328959694
20250519,5826.127,5837.9618,5837.9618,5744.1046,620960.0,-1241.0,319497.0,0.0,-1.0,0.0,-6666.0,2.0,-2.0,2302.0,-15308.0,5833.3625,5762.71378,5788.419220000001,70.64872000000014,44.9432799999995,-1.0,-6666.0,0.0,-13006.0,-0.0019985184230868333,-0.2167550780736022,0.1767,0.3120899718837863
20250520,5771.5356,5807.7803,5819.4019,5754.7725,591651.0,-29309.0,272432.0,0.0,-1.0,0.0,-6578.0,2.0,-1.0,3878.0,-16777.0,5828.959580000001,5785.087,5783.56615,43.8725800000002,45.39343000000099,-1.0,-6578.0,1.0,-12899.0,-0.04953764972931678,-0.202117078331551,0.1772,0.316776007497657
20250521,5785.0832,5786.1113,5805.6566,5729.9861,582287.0,-9364.0,250960.0,0.0,-1.0,0.0,-6656.0,2.0,-1.0,4574.0,-15401.0,5816.4938,5805.3936,5779.32068,11.10019999999986,37.17312000000038,-1.0,-6656.0,1.0,-10827.0,-0.01608141689579194,-0.2391636371709422,0.1711,0.2596063730084349
20250522,5991.7796,5783.8669,6044.7534,5764.8402,591568.0,9281.0,945898.0,1.0,-1.0,7976.0,-6268.0,1.0,-2.0,777.0,-28980.0,5842.930539999999,5830.350469999999,5784.25044,12.58006999999998,58.68009999999958,0.0,1708.0,-1.0,-28203.0,0.015688813458469696,-0.1162349391613031,0.2124,0.6466729147141519
20250523,5714.7705,5937.395,5999.33,5712.3522,618918.0,27350.0,1043244.0,2.0,-1.0,15128.0,-6343.0,1.0,-2.0,2305.0,-29790.0,5817.85918,5827.70912,5780.62203,-9.849939999999151,37.23714999999993,1.0,8785.0,-1.0,-27485.0,0.04419002194151729,-0.1536041259454307,0.1885,0.4226804123711341
20250526,5663.92,5739.1824,5746.1373,5638.5983,614429.0,-4489.0,526037.0,2.0,-1.0,14367.0,-6045.0,1.0,-2.0,863.0,-23898.0,5785.41778,5809.39014,5770.294985,-23.97236000000066,15.12279500000022,1.0,8322.0,-1.0,-23035.0,-0.007305970258565269,-0.2382633075468002,0.1797,0.3402061855670103
20250527,5613.4618,5660.2302,5666.6521,5585.9044,617682.0,3253.0,377684.0,2.0,-1.0,7172.0,-6594.0,0.0,-3.0,537.0,-23280.0,5753.80302,5791.3813,5760.84743,-37.57827999999972,-7.044409999999516,1.0,578.0,-3.0,-22743.0,0.005266463973371411,-0.2577159115555221,0.1764,0.309278350515464
20250528,5601.9244,5600.5868,5631.7587,5587.4068,616940.0,-742.0,292587.0,1.0,-1.0,202.0,-5868.0,0.0,-3.0,0.0,-30996.0,5717.17126,5766.83253,5751.9857,-49.6612699999996,-34.8144400000001,0.0,-5666.0,-3.0,-30996.0,-0.0012027101500956333,-0.2340292013195663,0.1732,0.2792877225866916
20250529,5528.1601,5584.912,5612.0517,5490.6341,626179.0,9239.0,490990.0,0.0,-1.0,0.0,-6317.0,0.0,-3.0,0.0,-33597.0,5624.44736,5733.68895,5739.043015,-109.2415899999996,-114.5956550000001,-1.0,-6317.0,-3.0,-33597.0,0.014754566984839798,-0.2178151758891863,0.1734,0.28116213683223995
20250530,5477.1432,5522.3228,5522.3228,5448.9927,626142.0,-37.0,362502.0,0.0,-1.0,0.0,-6433.0,0.0,-3.0,0.0,-34325.0,5576.921899999999,5697.39054,5725.67877,-120.468640000001,-148.7568700000011,-1.0,-6433.0,-3.0,-34325.0,-5.909202704817757e-05,-0.1991608093782739,0.1913,0.44892221180880976
20250603,5420.4406,5480.2422,5480.2422,5311.0258,647052.0,20910.0,464462.0,0.0,-1.0,0.0,-7067.0,0.0,-3.0,0.0,-31323.0,5528.22602,5656.8219,5709.76784,-128.5958799999999,-181.5418200000004,-1.0,-7067.0,-3.0,-31323.0,0.0323157953302053,-0.1884065631656885,0.195,0.4835988753514528
20250604,5502.8805,5449.8008,5529.0333,5398.271,656215.0,9163.0,402279.0,0.0,-1.0,0.0,-7584.0,0.0,-3.0,0.0,-29579.0,5506.10976,5629.956389999999,5707.521695,-123.8466299999991,-201.4119350000001,-1.0,-7584.0,-3.0,-29579.0,0.01396341138194037,-0.1923559307031374,0.1864,0.40299906279287734
20250605,5483.4908,5474.4478,5506.4369,5440.4622,662411.0,6196.0,296330.0,0.0,-1.0,0.0,-7158.0,0.0,-3.0,0.0,-26321.0,5482.42304,5599.79715,5702.595375,-117.3741100000007,-220.1723350000002,-1.0,-7158.0,-3.0,-26321.0,0.009353709403980308,-0.1503670583188216,0.181,0.35238987816307404
20250606,5541.2853,5523.523,5581.5851,5515.5152,646501.0,-15910.0,379445.0,0.0,-1.0,0.0,-7065.0,0.0,-3.0,0.0,-30433.0,5485.04808,5554.74772,5692.549095,-69.69964000000073,-207.5010150000007,-1.0,-7065.0,-3.0,-30433.0,-0.024609397355920562,-0.1186240929223384,0.1834,0.37488284910965336
20250609,5555.4271,5514.3676,5592.0537,5489.5588,643791.0,-2710.0,279540.0,0.0,-1.0,0.0,-7254.0,0.0,-3.0,0.0,-27454.0,5500.70486,5538.813380000001,5683.26125,-38.10852000000068,-182.5563899999997,-1.0,-7254.0,-3.0,-27454.0,-0.0042094406414504085,-0.1278134967018263,0.1744,0.29053420805998126
20250610,5542.9414,5537.3761,5590.6793,5537.3761,648488.0,4697.0,264309.0,0.0,-1.0,0.0,-7585.0,0.0,-3.0,0.0,-25027.0,5525.205019999999,5526.71552,5668.052830000001,-1.51050000000032,-142.8478100000011,-1.0,-7585.0,-3.0,-25027.0,0.00724300218354079,-0.1389903090724226,0.1688,0.2380506091846299
20250611,5487.4183,5553.089,5561.0347,5481.6531,664316.0,15828.0,318932.0,0.0,-1.0,0.0,-11455.0,0.0,-3.0,0.0,-26312.0,5522.112579999999,5514.11117,5652.746235,8.001409999998941,-130.6336550000005,-1.0,-11455.0,-3.0,-26312.0,0.023826010513069082,-0.1061825382474138,0.1728,0.27553889409559523
20250612,5430.1778,5484.1321,5495.4291,5423.5845,665616.0,1300.0,279667.0,0.0,-1.0,0.0,-11545.0,0.0,-3.0,0.0,-26647.0,5511.449979999999,5496.93651,5631.88452,14.51346999999896,-120.4345400000002,-1.0,-11545.0,-3.0,-26647.0,0.0019530780510083892,-0.140824064333059,0.1814,0.3561387066541707
20250613,5478.7429,5407.585,5499.6786,5403.0261,647559.0,-18057.0,283428.0,0.0,-1.0,0.0,-10961.0,1.0,-2.0,3468.0,-25134.0,5498.9415,5491.99479,5612.84187,6.946710000000166,-113.9003700000003,-1.0,-10961.0,-1.0,-21666.0,-0.02788471784038211,-0.143344119505391,0.1681,0.2314901593252109
20250616,5579.82,5507.0282,5582.5645,5450.1538,629538.0,-18021.0,338679.0,0.0,-1.0,0.0,-11015.0,0.0,-3.0,0.0,-24937.0,5503.82008,5502.26247,5599.826505,1.557609999999841,-96.00642500000049,-1.0,-11015.0,-3.0,-24937.0,-0.02862575412445317,-0.2114690527329119,0.1659,0.2108716026241799
20250617,5538.9622,5558.1647,5575.8351,5523.6221,608732.0,-20806.0,215080.0,0.0,-1.0,0.0,-11235.0,0.0,-3.0,0.0,-31085.0,5503.024240000001,5514.11463,5585.468265,-11.09038999999939,-82.44402499999887,-1.0,-11235.0,-3.0,-31085.0,-0.0341792447251007,-0.128601828843151,0.1601,0.15651358950328018
20250618,5560.9964,5539.0482,5628.2458,5530.0669,604926.0,-3806.0,292198.0,0.0,-1.0,0.0,-10509.0,0.0,-3.0,0.0,-35490.0,5517.73986,5519.926219999999,5574.941305,-2.186359999999695,-57.2014450000006,-1.0,-10509.0,-3.0,-35490.0,-0.006291678651603667,-0.1313768584931197,0.1575,0.1321462043111528
20250619,5589.976,5565.7766,5595.4007,5522.2138,601284.0,-3642.0,179976.0,0.0,-1.0,0.0,-10500.0,0.0,-3.0,0.0,-36109.0,5549.699500000001,5530.574739999999,5565.185944999999,19.12476000000152,-15.48644499999864,-1.0,-10500.0,-3.0,-36109.0,-0.006057037938810944,-0.1212773113920716,0.1579,0.13589503280224943
20250620,5622.9569,5593.3368,5721.2947,5579.776,583247.0,-18037.0,556897.0,0.0,-1.0,0.0,-9338.0,1.0,-2.0,2473.0,-26643.0,5578.542299999999,5538.7419,5546.74481,39.80039999999917,31.79748999999902,-1.0,-9338.0,-1.0,-24170.0,-0.030925148350527308,-0.0996481537071581,0.1576,0.13308341143392682
20250623,5617.8885,5656.3728,5669.3873,5587.8778,587397.0,4150.0,264276.0,1.0,-2.0,37.0,-9133.0,1.0,-2.0,1414.0,-23630.0,5586.156,5544.98804,5541.90071,41.16795999999977,44.25529000000006,-1.0,-9096.0,-1.0,-22216.0,0.007065068429018194,-0.1494559146968558,0.1587,0.08324974924774327
20250624,5567.6804,5604.0357,5626.6315,5500.7604,597205.0,9808.0,449095.0,0.0,-1.0,0.0,-9018.0,1.0,-3.0,2140.0,-17522.0,5591.89964,5547.46194,5537.08873,44.4376999999995,54.81090999999924,-1.0,-9018.0,-2.0,-15382.0,0.016423171272846007,-0.1774237368385875,0.1632,0.12838515546639928
20250625,5662.2179,5573.6151,5675.303,5566.8877,591818.0,-5387.0,409296.0,0.0,-1.0,0.0,-8773.0,1.0,-2.0,1645.0,-17795.0,5612.14394,5564.9419,5539.526535,47.20204000000012,72.61740499999996,-1.0,-8773.0,-1.0,-16150.0,-0.009102460553751322,-0.0817489361933032,0.1717,0.21364092276830482
20250626,5684.6787,5657.4762,5708.7666,5632.7586,588389.0,-3429.0,333110.0,0.0,-1.0,0.0,-8358.0,1.0,-2.0,2165.0,-18281.0,5631.08448,5590.39199,5543.66425,40.69248999999945,87.42022999999972,-1.0,-8358.0,-1.0,-16116.0,-0.0058277772018171655,-0.087648391779116,0.1616,0.10876132930513599
20250627,5677.873,5706.7309,5734.1215,5654.9709,582945.0,-5444.0,280736.0,1.0,-1.0,5227.0,-8976.0,1.0,-2.0,4938.0,-18025.0,5642.0677,5610.304999999999,5551.149895,31.76270000000022,90.91780499999913,0.0,-3749.0,-1.0,-13087.0,-0.00933878839341619,-0.1261073810689947,0.1646,0.13897280966767378
20250630,5649.1178,5694.869,5713.6638,5641.4004,572652.0,-10293.0,255406.0,1.0,-1.0,5294.0,-7234.0,1.0,-2.0,5866.0,-17811.0,5648.313560000001,5617.23478,5559.748625,31.07878000000073,88.56493500000033,0.0,-1940.0,-1.0,-11945.0,-0.01797426709415142,-0.1460975503382205,0.1571,0.0634441087613293
20250701,5632.8223,5646.094,5651.3343,5589.2122,572733.0,81.0,269956.0,1.0,-1.0,5349.0,-6858.0,1.0,-2.0,4122.0,-14184.0,5661.34194,5626.62079,5570.36771,34.72115000000031,90.9742299999998,0.0,-1509.0,-1.0,-10062.0,0.00014142715715699986,-0.1305228713461353,0.1639,0.13192346424974824
20250702,5735.5127,5628.5857,5763.2142,5609.9955,580136.0,7403.0,396921.0,1.0,-1.0,5566.0,-7057.0,1.0,-2.0,4279.0,-14643.0,5676.0009,5644.07242,5581.99932,31.92848000000049,94.0015800000001,0.0,-1491.0,-1.0,-10364.0,0.012760800915647366,-0.1498540633443457,0.1688,0.18126888217522674
20250703,5720.5529,5735.0967,5741.5437,5685.793,589384.0,9248.0,257316.0,1.0,-1.0,5558.0,-6210.0,1.0,-2.0,4316.0,-15528.0,5683.175740000001,5657.13011,5593.852424999999,26.04563000000053,89.32331500000146,0.0,-652.0,-1.0,-11212.0,0.015690958695858726,-0.1824354335679266,0.1626,0.11883182275931525
20250704,5660.4389,5720.1981,5752.2649,5658.5263,589641.0,257.0,273138.0,1.0,-1.0,5544.0,-6658.0,1.0,-2.0,4532.0,-20725.0,5679.68892,5660.87831,5599.810105,18.81060999999954,79.87881500000003,0.0,-1114.0,-1.0,-16193.0,0.00043585842911195117,-0.2725028780958697,0.1576,0.06847935548841894
20250707,5661.8358,5670.8152,5691.158,5630.6042,587310.0,-2331.0,204332.0,1.0,-1.0,5775.0,-7247.0,1.0,-2.0,4482.0,-21785.0,5682.23252,5665.27304,5605.13054,16.95947999999953,77.10197999999946,0.0,-1472.0,-1.0,-17303.0,-0.00396894314757113,-0.2026010048892107,0.1544,0.036253776435045515
20250708,5665.1114,5652.7079,5697.6595,5636.7675,587794.0,484.0,217210.0,1.0,-1.0,5875.0,-7082.0,1.0,-2.0,4108.0,-21258.0,5688.690339999999,5675.01614,5611.239039999999,13.67419999999947,77.45129999999972,0.0,-1207.0,-1.0,-17150.0,0.0008234177279795303,-0.1955138593757847,0.1537,0.04707792207792229
20250709,5729.2447,5676.7322,5750.5196,5653.0454,582348.0,-5446.0,257454.0,1.0,-1.0,5856.0,-7084.0,1.0,-2.0,4047.0,-18635.0,5687.43674,5681.71882,5623.33036,5.717920000000049,64.10638000000017,0.0,-1228.0,-1.0,-14588.0,-0.009351796520293708,-0.1378467341322161,0.1595,0.1412337662337664
20250710,5812.2886,5748.1418,5826.8655,5745.9713,589143.0,6795.0,446857.0,1.0,-1.0,5668.0,-5283.0,1.0,-2.0,3464.0,-22264.0,5705.78388,5694.47981,5642.435899999999,11.30407000000014,63.34798000000046,0.0,385.0,-1.0,-18800.0,0.011533702343913108,-0.2195116937005554,0.1676,0.2727272727272728
20250711,5758.8379,5817.6568,5829.0225,5748.2685,584218.0,-4925.0,309575.0,1.0,-1.0,5784.0,-4329.0,1.0,-2.0,3132.0,-22110.0,5725.46368,5702.5763,5656.44065,22.88738000000012,69.02302999999938,0.0,1455.0,-1.0,-18978.0,-0.008430072336011557,-0.1639793038894574,0.1696,0.29950900163666133
20250714,5791.6234,5760.3905,5807.5049,5735.799,576157.0,-8061.0,290641.0,1.0,0.0,6040.0,0.0,1.0,-2.0,3123.0,-36896.0,5751.4212,5716.82686,5667.03082,34.59433999999965,84.39037999999982,1.0,6040.0,-1.0,-33773.0,-0.013990978153524127,-0.1831174613528467,0.1741,0.3731587561374797
20250715,5795.0719,5787.6623,5849.9586,5762.5092,563973.0,-12184.0,345453.0,1.0,0.0,5926.0,0.0,1.0,-2.0,3526.0,-32034.0,5777.4133,5733.05182,5679.836305,44.36148000000048,97.57699500000035,1.0,5926.0,-1.0,-28508.0,-0.021603871107304783,-0.1133540393561926,0.1709,0.3207855973813421
20250716,5763.9111,5790.138,5804.4447,5750.0403,563721.0,-252.0,192288.0,1.0,0.0,5886.0,0.0,1.0,-2.0,3377.0,-33663.0,5784.346579999999,5735.89166,5689.98204,48.45491999999922,94.36453999999958,1.0,5886.0,-1.0,-30286.0,-0.00044702964764484557,-0.1547093815086734,0.1595,0.13420621931260246
20250717,5806.9294,5790.4074,5815.3808,5759.8689,565357.0,1636.0,193081.0,1.0,0.0,6077.0,0.0,1.0,-2.0,3438.0,-33912.0,5783.27474,5744.52931,5700.82971,38.74542999999994,82.44502999999986,1.0,6077.0,-1.0,-30474.0,0.002893746783006136,-0.0913982905362602,0.1699,0.3044189852700491
20250718,5811.7506,5845.5765,5878.648,5780.0441,564290.0,-1067.0,369308.0,1.0,0.0,6519.0,0.0,1.0,-2.0,150.0,-34433.0,5793.85728,5759.66048,5710.269395,34.19679999999971,83.58788499999991,1.0,6519.0,-1.0,-34283.0,-0.0018908717148983678,-0.1037648648949426,0.1606,0.12647554806070793
20250721,5930.411,5901.2093,5960.638,5884.7469,591552.0,27262.0,522034.0,2.0,0.0,10619.0,0.0,1.0,-2.0,4682.0,-41332.0,5821.6148,5786.518,5725.89552,35.09680000000026,95.71928000000025,2.0,10619.0,-1.0,-36650.0,0.04608555122795629,0.0653019019322132,0.2147,1.0
20250722,6034.0171,5958.059,6054.1273,5917.0985,592489.0,937.0,583445.0,1.0,0.0,6625.0,0.0,2.0,-1.0,9153.0,-38386.0,5869.40384,5823.408570000001,5749.212355000001,45.99526999999944,120.1914849999994,1.0,6625.0,1.0,-29233.0,0.0015814639596684495,-0.1362207239361377,0.232,1.0
20250723,5956.7883,6054.9573,6084.7973,5863.0809,577805.0,-14684.0,577756.0,1.0,0.0,6072.0,0.0,2.0,-1.0,6327.0,-37732.0,5907.97928,5846.16293,5763.940875,61.81635000000006,144.0384050000002,1.0,6072.0,1.0,-31405.0,-0.025413418021650903,-0.0959661086664269,0.2379,1.0
20250724,5973.202,5953.9079,6051.2482,5857.7611,574187.0,-3618.0,489058.0,1.0,0.0,6129.0,0.0,2.0,-1.0,5264.0,-41945.0,5941.2338,5862.254269999999,5778.36704,78.97953000000052,162.8667599999999,1.0,6129.0,1.0,-36681.0,-0.006301083096621832,-0.2694254105715044,0.2855,1.0
20250725,6436.0221,6016.54,6436.0916,5979.4228,666938.0,92751.0,1211760.0,2.0,0.0,9381.0,0.0,1.0,-2.0,1560.0,-75345.0,6066.0881,5929.972690000001,5816.274495,136.1154099999994,249.8136050000003,2.0,9381.0,-1.0,-73785.0,0.13906989855128962,-0.1979730589959357,0.5722,1.0
20250728,6056.8144,5885.6506,6298.4086,5836.2252,630766.0,-36172.0,1684257.0,2.0,0.0,6629.0,0.0,1.0,-2.0,0.0,-81399.0,6091.36878,5956.49179,5836.659325000001,134.8769899999998,254.7094549999993,2.0,6629.0,-1.0,-81399.0,-0.05734614738270611,-0.1897732293199405,0.414,0.6219832735961767
20250729,6244.3298,6064.3461,6277.8664,6042.7409,655401.0,24635.0,1366258.0,2.0,0.0,17916.0,0.0,1.0,-2.0,5233.0,-78081.0,6133.431320000001,6001.41758,5867.2347,132.0137400000003,266.1966200000006,2.0,17916.0,-1.0,-72848.0,0.03758767533159089,-0.2006242447343351,0.4325,0.6661887694145758
20250730,6155.6585,6369.1679,6407.8987,6121.6498,651208.0,-4193.0,1058270.0,2.0,-1.0,16763.0,-5368.0,1.0,-2.0,43.0,-81632.0,6173.20536,6040.59232,5888.24199,132.6130400000002,284.9633699999995,1.0,11395.0,-1.0,-81589.0,-0.006438802963108561,-0.2948136108425169,0.3635,0.5013142174432497
20250731,5980.8851,6097.1382,6135.9557,5909.2159,603752.0,-47456.0,783634.0,2.0,-1.0,7729.0,-5077.0,1.0,-3.0,0.0,-73089.0,6174.741980000001,6057.987889999999,5901.2586,116.7540900000013,273.4833800000006,1.0,2652.0,-2.0,-73089.0,-0.07860181001470802,-0.1858368900119746,0.2496,0.22915173237753877
20250801,5993.9832,6017.936,6046.4181,5978.8024,587404.0,-16348.0,572113.0,1.0,-1.0,490.0,-2360.0,1.0,-2.0,0.0,-69116.0,6086.3342,6076.21115,5917.935815,10.12305000000015,168.3983850000004,0.0,-1870.0,-1.0,-69116.0,-0.027830930671224576,-0.2904057492446419,0.2138,0.1436081242532855
20250804,6010.134,5989.605,6030.9247,5954.9567,604837.0,17433.0,441494.0,1.0,0.0,2179.0,0.0,0.0,-3.0,0.0,-68189.0,6076.998119999999,6084.18345,5935.350725,-7.185330000000249,141.6473949999991,1.0,2179.0,-3.0,-68189.0,0.028822641471999894,-0.1995356690127187,0.2167,0.15053763440860213
20250805,6059.5409,6000.5622,6093.3206,5950.1355,612782.0,7945.0,448023.0,1.0,0.0,1092.0,0.0,0.0,-3.0,0.0,-66126.0,6040.04034,6086.73583,5955.072200000001,-46.69549000000006,84.96813999999904,1.0,1092.0,-3.0,-66126.0,0.012965459168187055,-0.2324700865121727,0.2083,0.13046594982078855
20250806,6146.3173,6049.7982,6227.6447,6049.7982,626572.0,13790.0,725793.0,1.0,0.0,287.0,0.0,1.0,-3.0,0.0,-61229.0,6038.172100000001,6105.68873,5975.92583,-67.51662999999917,62.24627000000055,1.0,287.0,-2.0,-61229.0,0.022008643858965928,-0.2016236833752209,0.2492,0.2281959378733572
20250807,6112.625,6155.7737,6159.3095,6071.8687,624633.0,-1939.0,477071.0,1.0,-1.0,0.0,-1057.0,1.0,-3.0,0.0,-63797.0,6064.52008,6119.63103,5990.94265,-55.11095000000023,73.57743000000028,0.0,-1057.0,-2.0,-63797.0,-0.0031042227996279413,-0.2420225409517419,0.2552,0.24253285543608116
20250808,6097.2934,6105.6312,6126.2946,6036.9585,622906.0,-1727.0,460951.0,1.0,-1.0,0.0,-1026.0,1.0,-3.0,0.0,-61193.0,6085.182119999999,6085.758159999999,6007.865425,-0.5760399999999208,77.31669499999953,0.0,-1026.0,-2.0,-61193.0,-0.002772488946967921,-0.197176694964951,0.2616,0.2578255675029868
20250811,6152.7733,6100.3128,6178.8688,6100.3128,622479.0,-427.0,506375.0,1.0,0.0,2869.0,0.0,1.0,-3.0,0.0,-59842.0,6113.70998,6095.35405,6025.92292,18.35592999999972,87.78705999999966,1.0,2869.0,-2.0,-59842.0,-0.0006859669161529947,-0.2071182936690083,0.2714,0.281242532855436
20250812,6164.8557,6179.2333,6203.8837,6127.0066,623361.0,882.0,523713.0,1.0,0.0,2656.0,0.0,1.0,-3.0,0.0,-61667.0,6134.77294,6087.406639999999,6044.41211,47.36630000000059,90.36082999999962,1.0,2656.0,-2.0,-61667.0,0.0014149104611934336,-0.273183149846983,0.2373,0.1997610513739546
20250813,6125.3307,6152.9945,6217.3701,6110.5567,617712.0,-5649.0,544838.0,1.0,0.0,7162.0,0.0,0.0,-3.0,0.0,-68067.0,6130.57562,6084.37386,6062.48309,46.20175999999992,68.0925299999999,1.0,7162.0,-3.0,-68067.0,-0.009145038464527157,-0.2606691090714954,0.2114,0.13787335722819594
20250814,6102.7514,6126.9341,6158.6835,6075.749,605369.0,-12343.0,414737.0,1.0,0.0,6876.0,0.0,0.0,-3.0,0.0,-67396.0,6128.6009,6096.56049,6077.27419,32.04041000000052,51.32671000000028,1.0,6876.0,-3.0,-67396.0,-0.020389217155156607,-0.2447203122663931,0.2006,0.1120669056152927
20250815,6082.2343,6118.0945,6132.8576,6030.1498,591717.0,-13652.0,404122.0,1.0,0.0,1503.0,0.0,0.0,-3.0,0.0,-65597.0,6125.58908,6105.3856,6090.798375,20.20348000000013,34.79070499999943,1.0,1503.0,-3.0,-65597.0,-0.023071840085716652,-0.2980649402257673,0.1917,0.0908004778972521
20250818,6085.3552,6100.2045,6116.492,6043.2041,590689.0,-1028.0,313257.0,3.0,0.0,15148.0,0.0,0.0,-3.0,0.0,-62632.0,6112.105460000001,6112.90772,6098.545585000001,-0.8022599999994782,13.55987499999992,3.0,15148.0,-3.0,-62632.0,-0.0017403405175989396,-0.2007903445574294,0.1934,0.09486260454002385
20250819,5889.705,6065.6931,6069.0962,5831.5363,601464.0,10775.0,681204.0,3.0,0.0,12991.0,0.0,0.0,-3.0,0.0,-72255.0,6057.075320000001,6095.92413,6091.32998,-38.8488099999995,-34.25465999999869,3.0,12991.0,-3.0,-72255.0,0.017914621656491495,-0.2128101199350891,0.1921,0.09175627240143366
20250820,5812.647,5853.9535,5860.8075,5786.4837,596779.0,-4685.0,419400.0,1.0,0.0,4951.0,0.0,0.0,-3.0,0.0,-82777.0,5994.53858,6062.5571,6084.122915000001,-68.01851999999963,-89.58433500000046,1.0,4951.0,-3.0,-82777.0,-0.007850477312371916,-0.2682670972266857,0.1875,0.08076463560334526
20250821,5813.0257,5831.3604,5846.4576,5803.2371,589774.0,-7005.0,297446.0,1.0,0.0,5090.0,0.0,0.0,-3.0,0.0,-81645.0,5936.59344,6032.597169999999,6076.114100000001,-96.00372999999945,-139.520660000001,1.0,5090.0,-3.0,-81645.0,-0.011877431015948481,-0.3273354439633045,0.1835,0.07120669056152924
20250822,5810.9832,5813.6302,5818.1877,5763.3706,589349.0,-425.0,313093.0,1.0,0.0,5749.0,0.0,0.0,-3.0,0.0,-80343.0,5882.34322,6003.96615,6044.862155000001,-121.6229300000005,-162.518935000001,1.0,5749.0,-3.0,-80343.0,-0.0007211346757184622,-0.2416847405677142,0.1825,0.06881720430107524
20250825,5876.0375,5864.2443,5891.9953,5826.7156,569284.0,-20065.0,364201.0,1.0,0.0,6142.0,0.0,0.0,-3.0,0.0,-83944.0,5840.47968,5976.29257,6035.82331,-135.8128899999992,-195.3436299999994,1.0,6142.0,-3.0,-83944.0,-0.03524602834437644,-0.2575730100487484,0.1887,0.08363201911589008
20250826,5843.761,5873.6192,5894.5047,5838.3076,553714.0,-15570.0,289805.0,1.0,0.0,2813.0,0.0,0.0,-3.0,0.0,-80229.0,5831.29088,5944.1831,6015.79487,-112.8922200000006,-184.5039900000002,1.0,2813.0,-3.0,-80229.0,-0.028119209555835686,-0.2682050465885566,0.177,0.05567502986857822
20250827,5813.6151,5844.4759,5864.7825,5805.7423,553069.0,-645.0,264007.0,1.0,0.0,3058.0,0.0,0.0,-3.0,0.0,-78473.0,5831.4845,5913.01154,5998.692700000001,-81.52703999999903,-167.2082,1.0,3058.0,-3.0,-78473.0,-0.00116621976643059,-0.2944851607970526,0.1673,0.03249701314217443
20250828,5824.5351,5806.0829,5825.1994,5772.7005,550243.0,-2826.0,271273.0,1.0,0.0,3202.0,0.0,0.0,-3.0,0.0,-82044.0,5833.78638,5885.18991,5990.8752,-51.4035300000005,-157.0888200000009,1.0,3202.0,-3.0,-82044.0,-0.005135912678580191,-0.2697099998501353,0.1752,0.051373954599761025
20250829,5776.6529,5805.9446,5805.9446,5734.5099,546151.0,-4092.0,373777.0,1.0,0.0,1763.0,0.0,0.0,-3.0,0.0,-80331.0,5826.92032,5854.63177,5980.008685,-27.71144999999979,-153.0883649999996,1.0,1763.0,-3.0,-80331.0,-0.007492433411272707,-0.2975461458898822,0.1724,0.044683393070489824
20250901,5724.6543,5731.3042,5743.2228,5668.779,560507.0,14356.0,280062.0,1.0,0.0,1631.0,0.0,0.0,-3.0,0.0,-76590.0,5796.643679999999,5818.561680000001,5965.734699999999,-21.91800000000148,-169.0910199999998,1.0,1631.0,-3.0,-76590.0,0.02561252580253235,-0.2996155186198053,0.1726,0.04516129032258064
20250902,5728.933,5734.8493,5758.4337,5707.9492,571002.0,10495.0,246427.0,2.0,0.0,7855.0,0.0,0.0,-3.0,0.0,-84225.0,5773.67808,5802.48448,5949.204305,-28.80640000000039,-175.5262250000005,2.0,7855.0,-3.0,-84225.0,0.018379970648088797,-0.305105802422463,0.1752,0.051373954599761025
20250903,5717.9947,5749.0044,5754.1992,5708.0041,579419.0,8417.0,176710.0,2.0,0.0,7891.0,0.0,0.0,-3.0,0.0,-80868.0,5754.554000000001,5793.01925,5927.788175,-38.46524999999929,-173.2341749999987,2.0,7891.0,-3.0,-80868.0,0.01452662063204693,-0.321656861426266,0.1717,0.04301075268817201
20250904,5717.9791,5691.7647,5747.5372,5674.5918,583542.0,4123.0,223637.0,2.0,0.0,8904.0,0.0,0.0,-3.0,0.0,-85514.0,5733.2428,5783.514590000001,5908.055880000001,-50.27179000000069,-174.8130800000008,2.0,8904.0,-3.0,-85514.0,0.007065472579522982,-0.2329152001383586,0.1688,0.03608124253285544
20250905,5830.6284,5726.2196,5885.8303,5702.9776,570015.0,-13527.0,420585.0,2.0,0.0,3449.0,0.0,0.0,-3.0,0.0,-87329.0,5744.0379,5785.47911,5894.722629999999,-41.44120999999996,-150.684729999999,2.0,3449.0,-3.0,-87329.0,-0.023730954448567144,-0.2903720049164897,0.1815,0.06642771804062124
20250908,5827.2471,5788.6139,5845.94,5755.3871,570274.0,259.0,257910.0,1.0,0.0,2746.0,0.0,0.0,-3.0,0.0,-81911.0,5764.55646,5780.60007,5878.44632,-16.04361000000063,-113.8898600000002,1.0,2746.0,-3.0,-81911.0,0.0004541676457281938,-0.2025183810712495,0.1809,0.06499402628434886
20250909,5824.4887,5822.5574,5849.1971,5807.0269,573500.0,3226.0,278289.0,1.0,0.0,3755.0,0.0,0.0,-3.0,0.0,-81419.0,5783.6676,5778.672839999999,5861.42797,4.994760000000497,-77.76036999999997,1.0,3755.0,-3.0,-81419.0,0.00562510897994769,-0.2388109067317115,0.1753,0.051612903225806465
20250910,5840.0667,5799.8078,5887.1755,5779.4791,575293.0,1793.0,330448.0,1.0,0.0,3456.0,0.0,0.0,-3.0,0.0,-82672.0,5808.082,5781.318,5847.16477,26.76400000000012,-39.08276999999998,1.0,3456.0,-3.0,-82672.0,0.0031166727215523223,-0.250577588583724,0.1758,0.052807646356033466
20250911,5825.0581,5843.2754,5876.2626,5819.9131,575464.0,171.0,260355.0,1.0,0.0,2538.0,0.0,0.0,-3.0,0.0,-82175.0,5829.4978,5781.3703,5833.280105,48.1274999999996,-3.782304999999724,1.0,2538.0,-3.0,-82175.0,0.00029715151599405,-0.3040207118291952,0.1676,0.03321385902031062
20250912,5820.2426,5830.1138,5868.961,5796.5819,566994.0,-8470.0,295947.0,1.0,0.0,2460.0,0.0,0.0,-3.0,0.0,-82779.0,5827.420639999999,5785.72927,5820.18052,41.69136999999955,7.240119999999479,1.0,2460.0,-3.0,-82779.0,-0.014938429683559261,-0.2925869994966129,0.1674,0.03273596176821981
20250915,5899.2981,5832.8196,5914.0125,5818.5254,553467.0,-13527.0,377604.0,1.0,0.0,2072.0,0.0,0.0,-3.0,0.0,-84393.0,5841.83084,5803.193649999999,5810.877665,38.63719000000037,30.95317499999965,1.0,2072.0,-3.0,-84393.0,-0.024440481546325256,-0.2697386443549515,0.1693,0.03727598566308244
20250916,5934.4491,5941.6492,5986.1471,5928.22,553301.0,-166.0,560394.0,1.0,0.0,5786.0,0.0,0.0,-3.0,0.0,-85345.0,5863.822920000001,5823.74526,5813.11487,40.07766000000083,50.70805000000018,1.0,5786.0,-3.0,-85345.0,-0.0003000175311448922,-0.2506237499630492,0.1771,0.05591397849462366
20250917,5979.6657,5935.684,5982.5778,5901.676,546370.0,-6931.0,378684.0,1.0,0.0,5819.0,0.0,0.0,-3.0,0.0,-88026.0,5891.74272,5849.91236,5821.465805,41.83035999999993,70.27691500000037,1.0,5819.0,-3.0,-88026.0,-0.012685542764060984,-0.2696094599346514,0.1791,0.06069295101553167
20250918,5962.685,5956.2143,6016.109,5930.8702,555005.0,8635.0,674704.0,1.0,0.0,6115.0,0.0,0.0,-3.0,0.0,-91219.0,5919.268099999999,5874.38295,5828.94877,44.88514999999916,90.31932999999935,1.0,6115.0,-3.0,-91219.0,0.015558418392627093,-0.226844301096757,0.1778,0.05758661887694148
20250919,5953.9465,5966.1463,6003.3923,5937.2236,551392.0,-3613.0,392259.0,1.0,0.0,5743.0,0.0,0.0,-3.0,0.0,-86624.0,5946.008879999999,5886.71476,5836.096935,59.29411999999957,109.9119449999998,1.0,5743.0,-3.0,-86624.0,-0.0065525071092797866,-0.2574407188989968,0.175,0.050896057347670214
20250922,5865.1709,5979.468,5989.669,5795.6272,548674.0,-2718.0,668204.0,1.0,0.0,6488.0,0.0,0.0,-3.0,0.0,-81059.0,5939.18344,5890.50714,5835.553605,48.67630000000008,103.6298349999997,1.0,6488.0,-3.0,-81059.0,-0.004953761249849638,-0.2784110888263401,0.1743,0.049223416965352464
20250923,5877.4642,5862.0409,5930.8651,5842.4936,538430.0,-10244.0,411363.0,1.0,0.0,5968.0,0.0,0.0,-3.0,0.0,-69554.0,5927.78646,5895.804689999999,5837.238765,31.98177000000123,90.5476950000002,1.0,5968.0,-3.0,-69554.0,-0.01902568579016771,-0.2582367949698018,0.1771,0.05591397849462366
20250924,5911.8986,5883.0723,5940.8945,5864.9393,529129.0,-9301.0,345911.0,1.0,0.0,6131.0,0.0,0.0,-3.0,0.0,-69783.0,5914.233040000001,5902.98788,5842.15294,11.24516000000131,72.08010000000104,1.0,6131.0,-3.0,-69783.0,-0.01757794413082632,-0.2538581530250037,0.1753,0.051612903225806465
20250925,5934.2171,5910.7644,5949.045,5852.1168,510676.0,-18453.0,535999.0,1.0,0.0,6017.0,0.0,0.0,-3.0,0.0,-64536.0,5908.53946,5913.90378,5847.63704,-5.36431999999968,60.90242000000035,1.0,6017.0,-3.0,-64536.0,-0.03613445707258614,-0.3034609480800545,0.1788,0.059976105137395416
20250926,5845.1773,5896.242,5905.9516,5830.5384,501103.0,-9573.0,553483.0,1.0,0.0,6439.0,0.0,0.0,-3.0,0.0,-66891.0,5886.785620000001,5916.39725,5851.06326,-29.61162999999942,35.72236000000066,1.0,6439.0,-3.0,-66891.0,-0.019103856891696917,-0.2781811028616232,0.175,0.050896057347670214
20250929,5816.554,5835.5544,5864.1369,5740.7172,490681.0,-10422.0,564474.0,1.0,-1.0,6244.0,-4976.0,0.0,-3.0,0.0,-64064.0,5877.062240000001,5908.12284,5855.658245000001,-31.06059999999889,21.40399500000058,0.0,1268.0,-3.0,-64064.0,-0.0212398686723146,-0.2667594305020036,0.174,0.048506571087216205
20250930,5755.8104,5812.6788,5826.644,5744.6277,482670.0,-8011.0,338149.0,1.0,-1.0,4296.0,-6136.0,0.0,-3.0,0.0,-66376.0,5852.73148,5890.258970000001,5857.002115,-37.5274900000004,-4.270634999999857,0.0,-1840.0,-3.0,-66376.0,-0.016597261068639027,-0.3258490610410057,0.1692,0.023503755754785523
20251009,5769.484,5765.3808,5777.7201,5730.7038,528306.0,45636.0,352010.0,1.0,-1.0,6992.0,-7022.0,0.0,-3.0,0.0,-63005.0,5824.24856,5869.2408,5859.57658,-44.99223999999958,-35.32801999999992,0.0,-30.0,-3.0,-63005.0,0.08638175602775663,-0.3249227142582414,0.1504,0.0
20251010,5758.1844,5771.3738,5784.8858,5742.0227,565013.0,36707.0,216244.0,1.0,-1.0,6776.0,-6390.0,0.0,-3.0,0.0,-57606.0,5789.042020000001,5848.79074,5861.586845,-59.74871999999959,-72.54482499999904,0.0,386.0,-3.0,-57606.0,0.06496664678511822,-0.3257982098513133,0.1485,0.0
20251013,5744.1408,5734.177,5769.0092,5722.9382,574593.0,9580.0,293153.0,1.0,-1.0,6209.0,-6419.0,0.0,-3.0,0.0,-52976.0,5768.83472,5827.810170000001,5857.262465000001,-58.97545000000082,-88.42774500000087,0.0,-210.0,-3.0,-52976.0,0.016672670916631424,-0.3005523183690094,0.1438,0.0
20251014,5735.6935,5745.3802,5750.123,5710.0099,590542.0,15949.0,293955.0,1.0,-1.0,5811.0,-7129.0,0.0,-3.0,0.0,-48055.0,5752.66262,5814.862429999999,5852.684784999999,-62.19980999999916,-100.0221649999994,0.0,-1318.0,-3.0,-48055.0,0.027007393208273077,-0.3249938508979813,0.144,0.0004668534080298272
20251015,5744.4074,5726.8051,5796.2301,5726.8051,575203.0,-15339.0,369720.0,1.0,-1.0,5740.0,-7314.0,0.0,-3.0,0.0,-51923.0,5750.38202,5801.556750000001,5848.680719999999,-51.17473000000064,-98.29869999999937,0.0,-1574.0,-3.0,-51923.0,-0.026667107090887914,-0.2780273788588495,0.143,0.0
20251016,5753.2934,5737.8577,5783.683,5723.647,574160.0,-1043.0,377672.0,1.0,-1.0,5981.0,-7013.0,0.0,-3.0,0.0,-50470.0,5747.1439,5785.69623,5844.342055,-38.55233000000044,-97.19815500000004,0.0,-1032.0,-3.0,-50470.0,-0.0018165668106451163,-0.2838145000161636,0.1378,0.0
20251017,5719.8757,5763.272,5765.5222,5703.6455,598088.0,23928.0,433376.0,1.0,-1.0,6614.0,-7927.0,0.0,-3.0,0.0,-45700.0,5739.48216,5764.26209,5839.082935,-24.77992999999969,-99.60077499999989,0.0,-1313.0,-3.0,-45700.0,0.04000749053650968,-0.2855033985865676,0.1406,0.006445672191528538
20251020,5737.9666,5742.7884,5784.0352,5729.7899,583117.0,-14971.0,296058.0,1.0,-1.0,6437.0,-8003.0,0.0,-3.0,0.0,-47305.0,5738.24732,5753.54102,5834.969134999999,-15.29369999999926,-96.72181499999897,0.0,-1566.0,-3.0,-47305.0,-0.025674092849290966,-0.3143166823659628,0.1427,0.011279926335174925
20251021,5745.0586,5732.4979,5788.0908,5710.176,576922.0,-6195.0,272997.0,1.0,-1.0,6363.0,-8494.0,0.0,-3.0,0.0,-50413.0,5740.120339999999,5746.39148,5827.257159999999,-6.271140000000742,-87.13681999999972,0.0,-2131.0,-3.0,-50413.0,-0.010738020044304082,-0.3107830512036391,0.1407,0.006675874769797389
20251022,5809.0766,5750.7396,5824.5806,5736.9886,565861.0,-11061.0,349764.0,1.0,-1.0,5641.0,-7575.0,0.0,-3.0,0.0,-49012.0,5753.05418,5751.7181,5820.988535,1.336080000000038,-67.93435499999941,0.0,-1934.0,-3.0,-49012.0,-0.019547203288440094,-0.3235252947023262,0.1441,0.014502762430939226
20251023,5823.8372,5811.4089,5832.3926,5784.3488,549666.0,-16195.0,247811.0,1.0,-1.0,5605.0,-4770.0,0.0,-3.0,0.0,-56342.0,5767.16294,5757.153420000001,5813.19711,10.00951999999961,-46.0341699999999,0.0,835.0,-3.0,-56342.0,-0.029463346832440063,-0.1187694895452171,0.1414,0.00828729281767954
20251024,5777.1377,5820.9321,5851.6748,5751.1581,543458.0,-6208.0,477947.0,1.0,0.0,6040.0,0.0,0.0,-3.0,0.0,-56317.0,5778.61534,5759.04875,5803.919745,19.56659000000036,-25.30440499999986,1.0,6040.0,-3.0,-56317.0,-0.01142314585487747,-0.1193354759437191,0.1433,0.012661141804788225
20251027,5807.3821,5803.2082,5822.2214,5778.6896,529868.0,-13590.0,345817.0,1.0,-1.0,5998.0,-5142.0,0.0,-3.0,0.0,-58080.0,5792.49844,5765.37288,5796.591525,27.12556000000041,-4.093084999999519,0.0,856.0,-3.0,-58080.0,-0.025647897212135853,-0.0942259882493494,0.1434,0.019002375296912094
20251028,5793.5598,5800.007,5821.4923,5769.968,528804.0,-1064.0,403939.0,1.0,-1.0,6484.0,-5949.0,0.0,-3.0,0.0,-57900.0,5802.19868,5771.15951,5793.01097,31.0391699999991,9.187709999999242,0.0,535.0,-3.0,-57900.0,-0.0020120876544050346,-0.1163088700686057,0.1387,0.003053953172717965
20251029,5857.1349,5811.5886,5864.2575,5795.2156,519582.0,-9222.0,426690.0,1.0,-1.0,5717.0,-6430.0,0.0,-3.0,0.0,-57438.0,5811.81034,5782.43226,5791.994505,29.37808000000041,19.81583500000033,0.0,-713.0,-3.0,-57438.0,-0.017748882755753665,-0.0538884236541684,0.1438,0.026583961010190543
20251030,5848.827,5850.734,5887.2624,5828.0852,513200.0,-6382.0,311639.0,1.0,-1.0,5565.0,-5135.0,0.0,-3.0,0.0,-60852.0,5816.808300000001,5791.985619999999,5788.840925,24.82268000000113,27.96737500000108,0.0,430.0,-3.0,-60852.0,-0.012435697583787996,-0.1831774705504377,0.1323,0.0
20251031,5777.9756,5845.1191,5850.6376,5758.649,524459.0,11259.0,476017.0,1.0,-1.0,5933.0,-6185.0,0.0,-3.0,0.0,-62261.0,5816.97588,5797.79561,5781.028850000001,19.18026999999984,35.94702999999936,0.0,-252.0,-3.0,-62261.0,0.02146783637996488,-0.1231754442195483,0.1306,0.0
20251103,5802.7178,5786.3448,5828.2302,5761.0481,537761.0,13302.0,245878.0,1.0,-1.0,5875.0,-6608.0,0.0,-3.0,0.0,-60633.0,5816.04302,5804.27073,5778.905875,11.77228999999988,37.13714499999969,0.0,-733.0,-3.0,-60633.0,0.024735895686001774,-0.1786004961590738,0.1279,0.0
20251104,5762.0409,5787.2316,5792.243,5753.0098,557176.0,19415.0,261977.0,1.0,-1.0,6248.0,-6448.0,0.0,-3.0,0.0,-59268.0,5809.739240000001,5805.96896,5776.18022,3.770280000000639,33.5590200000006,0.0,-200.0,-3.0,-59268.0,0.03484536304507014,-0.1696785410168257,0.1212,0.0
20251105,5781.5603,5750.8538,5795.1774,5733.4293,562545.0,5369.0,266731.0,1.0,-1.0,4871.0,-6411.0,0.0,-3.0,0.0,-58898.0,5794.62432,5803.217329999999,5777.467715000001,-8.593009999999595,17.15660499999922,0.0,-1540.0,-3.0,-58898.0,0.00954412535886018,-0.169455006263553,0.1219,0.004660452729693692
20251106,5807.8672,5780.6466,5814.2189,5752.3967,561276.0,-1269.0,271724.0,1.0,-1.0,5096.0,-6415.0,0.0,-3.0,0.0,-54260.0,5786.43236,5801.62033,5779.386875,-15.18796999999995,7.045484999999644,0.0,-1319.0,-3.0,-54260.0,-0.002260919761400808,-0.1562262133339357,0.1212,0.0
20251107,5770.603,5794.5587,5794.9926,5755.8424,571106.0,9830.0,212329.0,1.0,-1.0,5432.0,-6734.0,0.0,-3.0,0.0,-54997.0,5784.95784,5800.96686,5780.007805,-16.00902000000042,4.950034999999843,0.0,-1302.0,-3.0,-54997.0,0.017212216296099148,-0.1760770351951168,0.1229,0.0113182423435419
20251110,5832.8098,5769.9834,5846.0517,5751.8451,568951.0,-2155.0,356750.0,1.0,-1.0,4949.0,-5541.0,0.0,-3.0,0.0,-53641.0,5790.97624,5803.50963,5784.441255,-12.5333899999996,6.534985000000233,0.0,-592.0,-3.0,-53641.0,-0.003787672400610949,-0.1742880435931684,0.1219,0.004660452729693692
20251111,5777.4729,5813.0408,5839.0899,5766.1803,580581.0,11630.0,354639.0,1.0,-1.0,6506.0,-4052.0,0.0,-3.0,0.0,-51452.0,5794.062639999999,5801.90094,5786.530225,-7.838300000000345,7.532414999998764,0.0,2454.0,-3.0,-51452.0,0.020031657942647108,-0.113095335765112,0.1188,0.0
20251112,5775.42,5797.9407,5803.677,5764.439,582481.0,1900.0,301589.0,1.0,0.0,7127.0,0.0,0.0,-3.0,0.0,-52283.0,5792.834580000001,5793.729450000001,5788.080854999999,-0.8948700000000827,4.753725000001396,1.0,7127.0,-3.0,-52283.0,0.003261908972138147,-0.18504214025683,0.1187,0.0
20251113,5768.9103,5764.8693,5783.2118,5742.8473,599139.0,16658.0,446282.0,1.0,0.0,7492.0,0.0,0.0,-3.0,0.0,-54265.0,5785.0432,5785.73778,5788.861699999999,-0.6945800000003146,-3.818499999999403,1.0,7492.0,-3.0,-54265.0,0.02780323096977496,-0.1975814671194405,0.122,0.04029304029304026
20251114,5761.64,5763.7361,5781.0733,5750.2325,610008.0,10869.0,289325.0,1.0,0.0,7359.0,0.0,0.0,-3.0,0.0,-51785.0,5783.250599999999,5784.104219999999,5790.949914999999,-0.8536199999998644,-7.699314999999842,1.0,7359.0,-3.0,-51785.0,0.017817799110831332,-0.1822188725741388,0.1195,0.010709504685408237
20251117,5809.8014,5764.1575,5839.7696,5757.8696,595470.0,-14538.0,414545.0,1.0,0.0,6456.0,0.0,0.0,-3.0,0.0,-50148.0,5778.64892,5784.81258,5794.541654999999,-6.163660000000164,-15.89273499999945,1.0,6456.0,-3.0,-50148.0,-0.024414328177741952,-0.237517992815732,0.1189,0.002677376171352152
20251118,5694.4859,5798.6148,5803.1877,5667.6443,666646.0,71176.0,693435.0,1.0,0.0,7213.0,0.0,0.0,-3.0,0.0,-51376.0,5762.051519999999,5778.05708,5792.01302,-16.00556000000142,-29.96150000000125,1.0,7213.0,-3.0,-51376.0,0.10676730978660338,-0.2372239230578731,0.1317,0.17711171662125358
20251119,5654.3596,5703.3345,5703.3345,5636.1177,715001.0,48355.0,502539.0,1.0,0.0,7115.0,0.0,0.0,-3.0,0.0,-51244.0,5737.83944,5765.33701,5784.27717,-27.49757000000045,-46.43773000000056,1.0,7115.0,-3.0,-51244.0,0.06762927604297057,-0.2650252608057912,0.1335,0.21142857142857152
20251120,5629.2676,5653.8748,5657.9345,5621.2285,727626.0,12625.0,461867.0,1.0,0.0,7035.0,0.0,0.0,-3.0,0.0,-45394.0,5709.9109,5747.47705,5774.54869,-37.56614999999965,-64.63778999999977,1.0,7035.0,-3.0,-45394.0,0.01735094677760278,-0.2757810919316796,0.1256,0.09857142857142841
20251121,5623.5274,5626.0864,5635.2505,5606.8203,751230.0,23604.0,352687.0,1.0,0.0,7918.0,0.0,0.0,-3.0,0.0,-47250.0,5682.28838,5732.76949,5766.868175000001,-50.48110999999972,-84.57979500000056,1.0,7918.0,-3.0,-47250.0,0.031420470428497264,-0.2790986449626824,0.1232,0.06428571428571433
20251124,5646.607,5626.4848,5693.5024,5611.1115,718487.0,-32743.0,577181.0,1.0,0.0,7145.0,0.0,0.0,-3.0,0.0,-35429.0,5649.6495,5714.14921,5758.82942,-64.49971000000005,-109.1799199999996,1.0,7145.0,-3.0,-35429.0,-0.04557215370633011,-0.3787285685483503,0.1196,0.012857142857142827
20251125,5652.0254,5652.7889,5678.0386,5633.9146,716427.0,-2060.0,387426.0,1.0,0.0,7871.0,0.0,1.0,-3.0,277.0,-33738.0,5641.1574,5701.60446,5751.7527,-60.44706000000042,-110.5953,1.0,7871.0,-2.0,-33461.0,-0.002875380185280566,-0.3346645112509508,0.1192,0.007961783439490453
20251126,5639.7476,5645.5181,5659.7656,5617.4464,734411.0,17984.0,406797.0,1.0,0.0,8261.0,0.0,0.0,-3.0,0.0,-40301.0,5638.235000000001,5688.03722,5740.883335,-49.80221999999958,-102.648334999999,1.0,8261.0,-3.0,-40301.0,0.024487650647934196,-0.3164974445321591,0.1122,0.0
20251127,5637.5422,5637.2959,5659.3884,5616.3433,737538.0,3127.0,431266.0,1.0,0.0,8800.0,0.0,0.0,-3.0,0.0,-41388.0,5639.88992,5674.90041,5730.319095000001,-35.01049000000057,-90.42917500000112,1.0,8800.0,-3.0,-41388.0,0.004239781543459456,,0.1132,0.014430014430014442
20251128,5626.4163,5633.2873,5648.9031,5614.008,741208.0,3670.0,856318.0,1.0,0.0,8987.0,0.0,0.0,-3.0,0.0,-34173.0,5640.467699999999,5661.378040000001,5722.74113,-20.91034000000127,-82.2734300000011,1.0,8987.0,-3.0,-34173.0,0.004951376671595557,,0.117,0.06926406926406944
20251201,5740.2569,5639.4985,5765.7179,5636.0046,664396.0,-76812.0,1149437.0,1.0,0.0,5694.0,0.0,0.0,-3.0,0.0,-36615.0,5659.197679999999,5654.42359,5719.618085,4.774089999998978,-60.42040500000076,1.0,5694.0,-3.0,-36615.0,-0.11561177370122638,-0.3299611049559687,0.1287,0.2380952380952383
20251202,5735.2924,5719.7754,5760.593,5713.7232,658779.0,-5617.0,727183.0,1.0,0.0,5113.0,0.0,0.0,-3.0,0.0,-33725.0,5675.85108,5658.50424,5718.28066,17.34684000000016,-42.42957999999999,1.0,5113.0,-3.0,-33725.0,-0.008526379863353264,-0.3429339455137295,0.1242,0.17316017316017332
20251203,5744.7488,5729.7925,5776.6908,5729.5812,627926.0,-30853.0,449159.0,1.0,0.0,5217.0,0.0,1.0,-3.0,0.0,-27189.0,5696.85132,5667.54316,5716.440085,29.30815999999959,-19.58876500000042,1.0,5217.0,-2.0,-27189.0,-0.04913477065768896,-0.3542134323495468,0.1225,0.14862914862914867
20251204,5798.3472,5740.3954,5818.043,5740.3954,634165.0,6239.0,640128.0,1.0,0.0,4805.0,0.0,0.0,-3.0,0.0,-32888.0,5729.01232,5684.45112,5715.964085000001,44.5612000000001,13.04823499999929,1.0,4805.0,-3.0,-32888.0,0.009838133608761127,-0.3569597085488237,0.1331,0.3015873015873016
20251205,5764.9387,5774.239,5787.0495,5746.5833,632982.0,-1183.0,344786.0,1.0,-1.0,3486.0,-7614.0,0.0,-3.0,0.0,-36618.0,5756.7168,5698.59225,5715.68087,58.12455000000045,41.03593000000001,0.0,-4128.0,-3.0,-36618.0,-0.0018689315020016368,-0.3165754194553907,0.1266,0.20779220779220772
20251208,5745.5124,5755.2391,5773.7855,5705.147,630635.0,-2347.0,522106.0,1.0,-1.0,3230.0,-7036.0,0.0,-3.0,0.0,-32650.0,5757.767900000001,5708.48279,5711.316,49.28511000000071,46.45190000000093,0.0,-3806.0,-3.0,-32650.0,-0.00372164564288376,-0.2891259633379256,0.1221,0.14410480349344984
20251209,5742.265,5734.7108,5755.025,5692.5871,636531.0,5896.0,513687.0,1.0,-1.0,2987.0,-6035.0,1.0,-2.0,4364.0,-31088.0,5759.16242,5717.50675,5709.555605,41.65566999999919,49.6068150000001,0.0,-3048.0,-1.0,-26724.0,0.009262706765263593,-0.2424720250545744,0.1194,0.10762331838565038
20251210,5735.9955,5744.5016,5772.7442,5724.8674,630615.0,-5916.0,351297.0,1.0,0.0,1827.0,0.0,1.0,-2.0,4499.0,-29319.0,5757.411760000001,5727.13154,5707.58438,30.28022000000055,49.82738000000063,1.0,1827.0,-1.0,-24820.0,-0.009381318236959158,-0.2840167952210555,0.1266,0.21524663677130035
20251211,5723.3358,5739.2214,5764.5417,5712.7946,638812.0,8197.0,278263.0,1.0,0.0,2093.0,0.0,1.0,-2.0,4901.0,-25474.0,5742.40948,5735.7109,5705.305655,6.69858000000022,37.10382500000014,1.0,2093.0,-1.0,-20573.0,0.012831631215443668,-0.2653305374379487,0.1247,0.18684603886397622
20251212,5738.2109,5726.0006,5746.4953,5693.1263,620906.0,-17906.0,305755.0,1.0,0.0,1907.0,0.0,1.0,-2.0,12303.0,-26351.0,5737.06392,5746.890359999999,5704.1342,-9.82643999999982,32.92971999999918,1.0,1907.0,-1.0,-14048.0,-0.028838503734864858,-0.3130187837771035,0.1218,0.14349775784753377
20251215,5767.1432,5774.1764,5810.967,5759.8219,591272.0,-29634.0,413381.0,1.0,0.0,1916.0,0.0,1.0,-2.0,7034.0,-29584.0,5741.39008,5749.57899,5702.00129,-8.18890999999985,39.38878999999997,1.0,1916.0,-1.0,-22550.0,-0.05011906533710374,-0.2106786146535469,0.1282,0.23916292974588954
20251216,5745.8729,5765.1516,5784.064,5727.4358,591233.0,-39.0,278104.0,1.0,0.0,1663.0,0.0,1.0,-3.0,0.0,-31765.0,5742.11166,5750.63704,5704.57064,-8.525379999999132,37.54102000000057,1.0,1663.0,-2.0,-31765.0,-6.596384166648344e-05,-0.307228556323579,0.123,0.16143497757847536
20251217,5766.8861,5752.4343,5784.0895,5743.9853,576377.0,-14856.0,235216.0,1.0,-1.0,2096.0,-6342.0,0.0,-3.0,0.0,-31604.0,5748.28978,5752.85077,5710.196965,-4.560989999999947,38.09281499999997,0.0,-4246.0,-3.0,-31604.0,-0.025774796704240453,-0.2573090925717495,0.1257,0.2017937219730943
20251218,5789.7743,5803.088,5813.8985,5776.0728,573238.0,-3139.0,323513.0,1.0,-1.0,2302.0,-6156.0,0.0,-3.0,0.0,-28012.0,5761.577480000001,5751.99348,5718.222299999999,9.584000000000742,43.35518000000138,0.0,-3854.0,-3.0,-28012.0,-0.0054759105293089435,-0.2287695244776266,0.139,0.4024024024024027
20251219,5814.3134,5800.2728,5826.5211,5785.1441,557252.0,-15986.0,401473.0,1.0,-1.0,2278.0,-7460.0,0.0,-3.0,0.0,-32890.0,5776.79798,5756.93095,5727.7616,19.86703000000034,49.03638000000046,0.0,-5182.0,-3.0,-32890.0,-0.028687200763747818,-0.2069585021836702,0.1304,0.2732732732732732
20251222,5843.7269,5818.7179,5861.0725,5808.0373,554528.0,-2724.0,372298.0,1.0,-1.0,3210.0,-6426.0,0.0,-3.0,0.0,-39513.0,5792.11472,5766.7524,5737.617595000001,25.36232000000018,54.49712499999987,0.0,-3216.0,-3.0,-39513.0,-0.004912285763748629,-0.2606204569587463,0.1343,0.331831831831832
20251223,5830.6219,5842.2387,5862.3641,5807.7945,551885.0,-2643.0,291014.0,1.0,-1.0,2147.0,-8275.0,0.0,-3.0,0.0,-37628.0,5809.06452,5775.58809,5746.54742,33.47642999999971,62.51710000000003,0.0,-6128.0,-3.0,-37628.0,-0.004789041195176531,-0.2823949614812513,0.1389,0.40090090090090097
20251224,5838.8354,5833.0383,5845.1947,5796.6881,539416.0,-12469.0,193811.0,1.0,-1.0,2382.0,-8180.0,0.0,-3.0,0.0,-37589.0,5823.45438,5785.872079999999,5756.50181,37.58230000000094,66.95257000000038,0.0,-5798.0,-3.0,-37589.0,-0.023115739985465764,-0.3004338624364983,0.1321,0.29879879879879884
20251225,5851.5293,5827.9769,5853.0318,5813.8118,534285.0,-5131.0,220570.0,1.0,-1.0,2215.0,-7624.0,0.0,-3.0,0.0,-37698.0,5835.80538,5798.69143,5767.201165,37.11394999999993,68.60421499999939,0.0,-5409.0,-3.0,-37698.0,-0.009603488774717613,-0.2785040453253344,0.1334,0.3183183183183183
20251226,5848.6438,5848.7933,5853.6925,5811.0028,517644.0,-16641.0,303645.0,1.0,-1.0,2398.0,-7957.0,0.0,-3.0,0.0,-36584.0,5842.67146,5809.73472,5778.31254,32.93673999999919,64.35891999999967,0.0,-5559.0,-3.0,-36584.0,-0.032147576326587386,-0.3183331333729098,0.153,0.6496815286624205
20251229,5870.6445,5849.7614,5930.788,5822.0906,527373.0,9729.0,537508.0,1.0,-1.0,3076.0,-8296.0,0.0,-3.0,0.0,-33345.0,5848.054980000001,5820.08485,5784.831920000001,27.97013000000061,63.22306000000026,0.0,-5220.0,-3.0,-33345.0,0.018448043415191902,-0.3206087774956828,0.1672,0.889967637540453
20251230,5942.9828,5864.9553,5955.2659,5864.9553,550953.0,23580.0,454994.0,1.0,-1.0,2905.0,-9144.0,1.0,-3.0,0.0,-33729.0,5870.52716,5839.795840000001,5795.21644,30.73131999999896,75.31071999999949,0.0,-6239.0,-2.0,-33729.0,0.04279856902494405,-0.2830662564377628,0.1717,1.0
20251231,5925.4744,5940.0281,5948.8782,5900.9294,534326.0,-16627.0,252221.0,1.0,-1.0,2572.0,-8993.0,1.0,-3.0,0.0,-30528.0,5887.85496,5855.65467,5804.252719999999,32.20028999999977,83.60224000000017,0.0,-6421.0,-2.0,-30528.0,-0.031117707167534425,-0.2418254167379863,0.1447,0.546218487394958
20260105,5884.7366,5943.8183,5943.8183,5876.9208,551329.0,17003.0,246082.0,1.0,-1.0,1815.0,-8841.0,0.0,-3.0,0.0,-31324.0,5894.496419999999,5865.1509,5808.57219,29.34551999999985,85.92422999999962,0.0,-7026.0,-3.0,-31324.0,0.030840024740218637,-0.2521355236136418,0.1378,0.4302521008403363
20260106,5924.0736,5906.3513,5943.206,5826.1493,560254.0,8925.0,475401.0,1.0,-1.0,201.0,-6672.0,0.0,-3.0,0.0,-29464.0,5909.58238,5876.126920000001,5816.528935,33.45545999999922,93.05344499999956,0.0,-6471.0,-3.0,-29464.0,0.015930274482645373,-0.3141889219158613,0.1466,0.578151260504202
20260107,6009.8266,5976.6697,6079.5086,5929.6395,620191.0,59937.0,621241.0,1.0,-1.0,2063.0,-8365.0,1.0,-2.0,1354.0,-29514.0,5937.418799999999,5892.73689,5829.744645000001,44.68190999999933,107.6741549999988,0.0,-6302.0,-1.0,-28160.0,0.09664280842514644,-0.3945457451143093,0.2018,1.0
20260108,5905.0335,6000.6448,6043.8975,5886.4133,598160.0,-22031.0,503029.0,1.0,-1.0,3466.0,-5897.0,1.0,-2.0,5561.0,-32811.0,5929.82894,5900.17805,5837.88307,29.65088999999989,91.94587000000047,0.0,-2431.0,-1.0,-27250.0,-0.03683128259997325,-0.2735277776331694,0.1646,0.5848214285714285
20260109,5915.3631,5894.4343,5923.0367,5863.3831,586222.0,-11938.0,310794.0,1.0,-1.0,6291.0,-5814.0,1.0,-2.0,4077.0,-36387.0,5927.80668,5907.83082,5846.85145,19.97585999999956,80.95522999999957,0.0,477.0,-1.0,-32310.0,-0.020364298849241413,-0.26713267967568,0.1584,0.5156250000000001
20260112,5936.9795,5968.1165,5970.3993,5905.3709,589395.0,3173.0,253090.0,1.0,0.0,3396.0,0.0,1.0,-2.0,3291.0,-39017.0,5938.25526,5916.37584,5857.533635,21.87942000000021,80.72162500000013,1.0,3396.0,-1.0,-35726.0,0.005383486456451107,-0.276923971881346,0.1709,0.6551339285714285
20260113,5928.842,5934.699,5977.7053,5919.0009,594180.0,4785.0,274191.0,1.0,0.0,3379.0,0.0,1.0,-2.0,11567.0,-41656.0,5939.20894,5924.39566,5867.065189999999,14.81327999999939,72.14375000000018,1.0,3379.0,-1.0,-30089.0,0.008053115217610825,-0.3389721439932998,0.1553,0.48102678571428564
20260114,5928.8709,5917.793,5947.4486,5886.9588,577406.0,-16774.0,265796.0,1.0,0.0,4629.0,0.0,1.0,-2.0,9074.0,-30088.0,5923.0178,5930.2183,5875.151575,-7.200500000000829,47.86622499999976,1.0,4629.0,-1.0,-21014.0,-0.029050616031007646,-0.3447634919773812,0.1481,0.40066964285714296
20260115,5884.1827,5939.9186,5941.0034,5872.2382,576398.0,-1008.0,253224.0,1.0,0.0,6794.0,0.0,1.0,-2.0,6542.0,-25590.0,5918.84764,5924.338290000001,5882.067065,-5.490650000000642,36.78057499999977,1.0,6794.0,-1.0,-19048.0,-0.0017487916335587562,-0.34836264166185,0.1468,0.38616071428571447
20260116,5850.0693,5880.9804,5911.6494,5839.4193,569258.0,-7140.0,373673.0,1.0,0.0,4588.0,0.0,1.0,-2.0,6100.0,-22203.0,5905.78888,5916.797779999999,5886.226225,-11.0088999999989,19.56265499999972,1.0,4588.0,-1.0,-16103.0,-0.012542643230310334,-0.3137333711939946,0.1444,0.359375
20260119,5831.8478,5876.3875,5876.3875,5810.9893,578541.0,9283.0,258816.0,1.0,0.0,4025.0,0.0,1.0,-2.0,13114.0,-17977.0,5884.76254,5911.5089,5888.3299,-26.7463600000001,-3.567360000000008,1.0,4025.0,-1.0,-4863.0,0.0160455352343222,-0.2708335502299516,0.1345,0.2488839285714287
20260120,5784.1019,5830.3748,5830.3748,5752.9779,598339.0,19798.0,363431.0,1.0,0.0,4438.0,0.0,2.0,-1.0,12955.0,-17047.0,5855.81452,5897.51173,5886.819324999999,-41.69721000000027,-31.00480499999958,1.0,4438.0,1.0,-4092.0,0.033088266016422126,-0.2854494905662257,0.1322,0.2232142857142859
20260121,5773.7582,5792.5976,5796.6311,5757.3041,613881.0,15542.0,239013.0,1.0,0.0,4047.0,0.0,2.0,-1.0,12542.0,-9524.0,5824.79198,5873.90489,5883.32089,-49.11290999999983,-58.52891,1.0,4047.0,1.0,3018.0,0.02531761041635105,-0.2982402765883037,0.153,0.45535714285714285
20260122,5800.8787,5776.2598,5813.261,5756.0297,629444.0,15563.0,246699.0,1.0,0.0,4291.0,0.0,1.0,-2.0,16364.0,-13781.0,5808.131179999999,5863.48941,5881.83373,-55.35823000000073,-73.70255000000088,1.0,4291.0,-1.0,2583.0,0.024724995392759325,-0.2454782770480248,0.1482,0.4017857142857143
20260123,5845.4296,5807.5424,5870.9134,5804.3273,602361.0,-27083.0,259156.0,1.0,0.0,4678.0,0.0,1.0,-2.0,16678.0,-16413.0,5807.20324,5856.49606,5882.16344,-49.29282000000057,-74.96020000000044,1.0,4678.0,-1.0,265.0,-0.044961410184258276,-0.2793781585064624,0.1568,0.4977678571428571
20260126,5817.823,5857.0539,5879.1425,5814.0105,600659.0,-1702.0,222499.0,1.0,0.0,3842.0,0.0,1.0,-2.0,21314.0,-23172.0,5804.398279999999,5844.58041,5880.478125,-40.18213000000105,-76.0798450000002,1.0,3842.0,-1.0,-1858.0,-0.002833554479330202,-0.2745618231768049,0.1596,0.5290178571428571
20260127,5809.252,5804.8541,5832.2983,5797.7858,596553.0,-4106.0,188209.0,1.0,0.0,6939.0,0.0,1.0,-2.0,21235.0,-25242.0,5809.4283,5832.62141,5878.508535,-23.19311000000016,-69.08023500000036,1.0,6939.0,-1.0,-4007.0,-0.006882875452809726,-0.2996041533438996,0.1505,0.4274553571428571
20260128,5826.6069,5812.9176,5830.7754,5779.4398,568822.0,-27731.0,243354.0,1.0,0.0,2502.0,0.0,1.0,-2.0,16848.0,-26755.0,5819.99804,5822.39501,5876.306654999999,-2.396969999999783,-56.30861499999901,1.0,2502.0,-1.0,-9907.0,-0.048751630562812266,-0.2522584605053001,0.1486,0.4062500000000001
20260129,5921.9964,5815.7509,5939.8059,5815.7509,528617.0,-40205.0,399459.0,1.0,0.0,1769.0,0.0,1.0,-2.0,20276.0,-32522.0,5844.22158,5826.17638,5875.257335,18.04520000000048,-31.03575499999988,1.0,1769.0,-1.0,-12246.0,-0.07605695617053557,-0.2390036809723894,0.1699,0.6439732142857142
20260130,5868.7447,5935.2832,5935.2832,5842.3005,513898.0,-14719.0,293357.0,1.0,0.0,1352.0,0.0,1.0,-2.0,18607.0,-32406.0,5848.884599999999,5828.043919999999,5872.42085,20.84068000000025,-23.53625000000102,1.0,1352.0,-1.0,-13799.0,-0.028641870565754294,-0.2539261484427159,0.1792,0.7477678571428571
20260202,5832.0909,5875.565,5911.2709,5814.2301,536384.0,22486.0,280975.0,1.0,-1.0,0.0,-2003.0,1.0,-2.0,15945.0,-33466.0,5851.738179999999,5828.06823,5869.788565000001,23.66994999999952,-18.05038500000137,0.0,-2003.0,-1.0,-17521.0,0.041921459253072425,-0.2351066940547269,0.1728,0.6763392857142858
20260203,5832.8128,5836.0622,5881.8954,5823.1069,552043.0,15659.0,228783.0,1.0,-1.0,0.0,-1855.0,1.0,-2.0,15113.0,-31199.0,5856.45034,5832.939319999999,5865.225525,23.51102000000083,-8.77518499999951,0.0,-1855.0,-1.0,-16086.0,0.028365543988421192,-0.2755360683399883,0.1615,0.5502232142857143
20260204,5864.8064,5839.5528,5877.3411,5824.597,557285.0,5242.0,200443.0,1.0,-1.0,0.0,-1798.0,1.0,-2.0,15980.0,-31849.0,5864.09024,5842.04414,5857.974515,22.04609999999957,6.115724999999657,0.0,-1798.0,-1.0,-15869.0,0.009406318131656155,-0.2451340007823627,0.1569,0.4988839285714287
20260205,5883.9723,5852.5602,5905.6576,5848.9287,565493.0,8208.0,244019.0,1.0,-1.0,0.0,-2459.0,1.0,-2.0,16865.0,-30217.0,5856.48542,5850.3535,5856.921455000001,6.131919999999809,-0.4360350000006292,0.0,-2459.0,-1.0,-13352.0,0.014514768529407083,-0.2541354410686942,0.1599,0.5323660714285713
20260206,5855.6967,5882.0913,5927.1353,5850.1083,577179.0,11686.0,299358.0,1.0,-1.0,0.0,-2287.0,1.0,-2.0,18421.0,-33917.0,5853.87582,5851.38021,5853.938135,2.495609999999942,-0.06231500000012602,0.0,-2287.0,-1.0,-15496.0,0.020246751874201937,-0.2048652778787016,0.1507,0.4296875
20260209,5812.4717,5858.6518,5883.4979,5808.8558,579332.0,2153.0,249846.0,1.0,-1.0,0.0,-2518.0,1.0,-2.0,11331.0,-31686.0,5849.95198,5850.845080000001,5847.712745,-0.8931000000011409,2.239235000000008,0.0,-2518.0,-1.0,-20355.0,0.00371634917456657,-0.2210418660552054,0.1467,0.38504464285714285
20260210,5816.161,5805.9475,5832.7838,5792.0355,581739.0,2407.0,203757.0,1.0,-2.0,0.0,-7399.0,1.0,-2.0,10720.0,-33755.0,5846.62162,5851.535980000001,5842.078695,-4.91436000000067,4.542924999999741,-1.0,-7399.0,-1.0,-23035.0,0.0041375943507311694,-0.2604404384085697,0.1389,0.2979910714285714
20260211,5823.1344,5809.3244,5842.2676,5798.9249,565620.0,-16119.0,162473.0,0.0,-2.0,0.0,-8398.0,1.0,-2.0,18816.0,-27657.0,5838.28722,5851.18873,5836.79187,-12.90150999999969,1.495350000000144,-2.0,-8398.0,-1.0,-8841.0,-0.028497931473427388,-0.2562375319804598,0.13,0.19866071428571438
20260212,5800.0843,5827.1025,5836.3373,5793.6856,562439.0,-3181.0,166071.0,0.0,-2.0,0.0,-10133.0,1.0,-2.0,19287.0,-27493.0,5821.50962,5838.99752,5832.58695,-17.48790000000008,-11.07733000000007,-2.0,-10133.0,-1.0,-8206.0,-0.005655724443006264,-0.2326878624642691,0.1284,0.1808035714285713
20260213,5771.9989,5798.0478,5801.4247,5758.7674,576648.0,14209.0,222361.0,1.0,-2.0,0.0,-6367.0,1.0,-2.0,17978.0,-26460.0,5804.77006,5829.32294,5828.68343,-24.55288000000019,-23.91337000000021,-1.0,-6367.0,-1.0,-8482.0,0.024640682010515946,-0.2791258898835256,0.1312,0.2120535714285716
20260224,5739.5458,5763.2558,5782.2927,5715.7535,613899.0,37251.0,229700.0,0.0,-2.0,0.0,-11395.0,2.0,-1.0,16103.0,-21351.0,5790.18488,5820.06843,5824.06833,-29.88355000000047,-33.88345000000027,-2.0,-11395.0,1.0,-5248.0,0.06067936256615502,-0.2957857676028315,0.1348,0.2522321428571429
20260225,5753.6593,5747.4019,5785.7647,5738.0767,633345.0,19446.0,200827.0,0.0,-2.0,0.0,-13259.0,2.0,-1.0,19063.0,-22217.0,5777.68454,5812.15308,5822.5462,-34.46853999999985,-44.86165999999957,-2.0,-13259.0,1.0,-3154.0,0.0307036449328565,-0.3279040387202292,0.1238,0.1294642857142857
20260226,5922.3329,5752.0633,5971.4181,5743.7148,620336.0,-13009.0,936757.0,1.0,-1.0,6022.0,-8766.0,1.0,-2.0,16878.0,-27941.0,5797.52424,5817.90573,5829.974935,-20.38149000000067,-32.45069500000045,0.0,-2744.0,-1.0,-11063.0,-0.020970893193366175,-0.2586630207079695,0.1743,0.6930803571428572
20260227,6029.7436,5896.5143,6031.9062,5872.107,611982.0,-8354.0,756963.0,2.0,-1.0,5142.0,-120.0,1.0,-2.0,14104.0,-30401.0,5843.4561,5832.48286,5841.41818,10.97324000000026,2.037920000000668,1.0,5022.0,-1.0,-16297.0,-0.013650728289394133,-0.2051301066219471,0.1996,0.9754464285714285
20260302,6086.2846,6043.3562,6091.7444,6000.3166,647453.0,35471.0,598050.0,0.0,-1.0,0.0,-5897.0,1.0,-2.0,14179.0,-34627.0,5906.31324,5855.54165,5853.460929999999,50.77159000000029,52.85231000000113,-1.0,-5897.0,-1.0,-20448.0,0.05478544388550211,-0.2038344691794164,0.1775,0.7257336343115123
20260303,6120.9599,6057.1061,6134.4512,6041.1897,650498.0,3045.0,580173.0,1.0,0.0,745.0,0.0,1.0,-2.0,17717.0,-37070.0,5982.596060000001,5886.39047,5868.617775,96.20559000000048,113.9782850000011,1.0,745.0,-1.0,-19353.0,0.004681028996245953,-0.1377641318917261,0.1937,0.9044811320754718
20260304,6124.2671,6095.7665,6192.7697,6082.8232,658043.0,7545.0,509501.0,1.0,0.0,1151.0,0.0,1.0,-2.0,20589.0,-46809.0,6056.71762,5917.20108,5884.368530000001,139.5165400000005,172.3490899999997,1.0,1151.0,-1.0,-26220.0,0.011465816063691887,-0.1637852885473436,0.2025,1.0
20260305,6096.4595,6129.0135,6153.3175,6067.8422,653646.0,-4397.0,361835.0,1.0,0.0,926.0,0.0,1.0,-2.0,19480.0,-48237.0,6091.54294,5944.533590000001,5897.86116,147.0093499999994,193.6817799999999,1.0,926.0,-1.0,-28757.0,-0.006726882746930295,-0.2124384465741272,0.196,0.9217809867629362
20260306,6134.7454,6095.5727,6144.7486,6059.7557,652643.0,-1003.0,300171.0,1.0,0.0,1123.0,0.0,1.0,-2.0,19896.0,-49307.0,6112.543299999999,5977.9997,5908.498610000001,134.5435999999991,204.0446899999988,1.0,1123.0,-1.0,-29411.0,-0.0015368279442206536,-0.2132572315184951,0.1961,0.9229843561973524
20260309,6138.6727,6222.0539,6409.4962,6137.3512,630341.0,-22302.0,873401.0,1.0,0.0,723.0,0.0,1.0,-2.0,4713.0,-56222.0,6123.02092,6014.66708,5921.995010000001,108.3538399999998,201.0259099999994,1.0,723.0,-1.0,-51509.0,-0.0353808494132541,-0.2474314177975578,0.2185,1.0
20260310,6103.6832,6105.7251,6136.2752,6049.6838,604123.0,-26218.0,340328.0,1.0,0.0,205.0,0.0,1.0,-2.0,8335.0,-46602.0,6119.565579999999,6051.08082,5935.574624999999,68.48475999999937,183.9909550000002,1.0,205.0,-1.0,-38267.0,-0.04339844700499733,-0.2390592765871085,0.1718,0.5287588294651867
20260311,6121.5994,6075.1588,6148.6699,6069.8838,605232.0,1109.0,212526.0,1.0,0.0,1502.0,0.0,1.0,-2.0,11848.0,-47183.0,6119.03204,6087.87483,5950.013955,31.1572100000003,169.0180849999997,1.0,1502.0,-1.0,-35335.0,0.001832355196024004,-0.2347922874992813,0.1928,0.7406659939455096
20260312,6167.6138,6157.5585,6196.2697,6124.3681,593708.0,-11524.0,276694.0,1.0,0.0,2197.0,0.0,1.0,-2.0,13747.0,-51908.0,6133.2629,6112.40292,5965.154325,20.85997999999927,168.1085749999993,1.0,2197.0,-1.0,-38161.0,-0.019410215122585513,-0.3187416095748518,0.2258,1.0
20260313,6175.9301,6185.0147,6247.5772,6164.9056,597447.0,3739.0,349642.0,1.0,0.0,2099.0,0.0,1.0,-2.0,14597.0,-53173.0,6141.499839999999,6127.02157,5979.752215,14.47826999999961,161.747625,1.0,2099.0,-1.0,-38576.0,0.00625829571493371,-0.4074418659499436,0.2295,1.0
20260316,6175.2983,6199.327,6249.794,6152.5733,588181.0,-9266.0,291765.0,1.0,0.0,5197.0,0.0,1.0,-2.0,15738.0,-50720.0,6148.82496,6135.922939999999,5995.732295,12.90202000000045,153.0926650000001,1.0,5197.0,-1.0,-34982.0,-0.01575365406226995,-0.2284673801909754,0.2083,0.8031569173630455
